photo_key,decision,new_folder,new_name
11_1_1,exclude,Saitama\Saitama_Jizozuka,Saitama_Jizozuka_1
11_1_2,exclude,Saitama\Saitama_Jizozuka,Saitama_Jizozuka_2
11_1_3,exclude,Saitama\Saitama_Jizozuka,Saitama_Jizozuka_3
11_1_5,exclude,Saitama\Saitama_Jizozuka,Saitama_Jizozuka_5
11_1_6,exclude,Saitama\Saitama_Jizozuka,Saitama_Jizozuka_6
11_1_7,exclude,Saitama\Saitama_Jizozuka,Saitama_Jizozuka_7
12_54_2,exclude,Chiba\Chiba_Touya_Tobu,Chiba_Touya_Tobu_2
12_54_3,exclude,Chiba\Chiba_Touya_Tobu,Chiba_Touya_Tobu_3
12_54_5,adopt,Chiba\Chiba_Touya_Tobu,Chiba_Touya_Tobu_5
12_54_6,adopt,Chiba\Chiba_Touya_Tobu,Chiba_Touya_Tobu_6
12_54_7,exclude,Chiba\Chiba_Touya_Tobu,Chiba_Touya_Tobu_7
12_79_1,exclude,Chiba\Chiba_Daiman,Chiba_Daiman_1
12_79_2,exclude,Chiba\Chiba_Daiman,Chiba_Daiman_2
12_79_3,exclude,Chiba\Chiba_Daiman,Chiba_Daiman_3
12_79_5,exclude,Chiba\Chiba_Daiman,Chiba_Daiman_5
12_81_1,exclude,Chiba\Chiba_Nagara,Chiba_Nagara_1
12_81_2,exclude,Chiba\Chiba_Nagara,Chiba_Nagara_2
12_81_3,exclude,Chiba\Chiba_Nagara,Chiba_Nagara_3
12_81_5,exclude,Chiba\Chiba_Nagara,Chiba_Nagara_5
12_81_6,exclude,Chiba\Chiba_Nagara,Chiba_Nagara_6
12_81_7,exclude,Chiba\Chiba_Nagara,Chiba_Nagara_7
12_81_8,exclude,Chiba\Chiba_Nagara,Chiba_Nagara_8
14_13_1,exclude,Kanagawa\Kanagawa_Minowa_Douyato,Kanagawa_Minowa_Douyato_1
14_13_2,exclude,Kanagawa\Kanagawa_Minowa_Douyato,Kanagawa_Minowa_Douyato_2
14_13_3,exclude,Kanagawa\Kanagawa_Minowa_Douyato,Kanagawa_Minowa_Douyato_3
14_13_5,exclude,Kanagawa\Kanagawa_Minowa_Douyato,Kanagawa_Minowa_Douyato_5
14_13_6,exclude,Kanagawa\Kanagawa_Minowa_Douyato,Kanagawa_Minowa_Douyato_6
14_1_1,exclude,Kanagawa\Kanagawa_Umaginu,Kanagawa_Umaginu_1
14_1_10,exclude,Kanagawa\Kanagawa_Umaginu,Kanagawa_Umaginu_10
14_1_11,exclude,Kanagawa\Kanagawa_Umaginu,Kanagawa_Umaginu_11
14_1_12,exclude,Kanagawa\Kanagawa_Umaginu,Kanagawa_Umaginu_12
14_1_2,exclude,Kanagawa\Kanagawa_Umaginu,Kanagawa_Umaginu_2
14_1_3,exclude,Kanagawa\Kanagawa_Umaginu,Kanagawa_Umaginu_3
14_1_5,exclude,Kanagawa\Kanagawa_Umaginu,Kanagawa_Umaginu_5
14_1_6,exclude,Kanagawa\Kanagawa_Umaginu,Kanagawa_Umaginu_6
14_1_7,exclude,Kanagawa\Kanagawa_Umaginu,Kanagawa_Umaginu_7
14_1_8,exclude,Kanagawa\Kanagawa_Umaginu,Kanagawa_Umaginu_8
14_1_9,exclude,Kanagawa\Kanagawa_Umaginu,Kanagawa_Umaginu_9
14_23_2,exclude,Kanagawa\Kanagawa_Senbagaya,Kanagawa_Senbagaya_2
14_23_3,exclude,Kanagawa\Kanagawa_Senbagaya,Kanagawa_Senbagaya_3
14_23_5,adopt,Kanagawa\Kanagawa_Senbagaya,Kanagawa_Senbagaya_5
14_23_6,adopt,Kanagawa\Kanagawa_Senbagaya,Kanagawa_Senbagaya_6
14_32_1,exclude,Kanagawa\Kanagawa_Koshinoyama,Kanagawa_Koshinoyama_1
14_32_2,exclude,Kanagawa\Kanagawa_Koshinoyama,Kanagawa_Koshinoyama_2
14_32_3,exclude,Kanagawa\Kanagawa_Koshinoyama,Kanagawa_Koshinoyama_3
14_32_5,exclude,Kanagawa\Kanagawa_Koshinoyama,Kanagawa_Koshinoyama_5
14_50_1,exclude,Kanagawa\Kanagawa_Haneo,Kanagawa_Haneo_1
14_50_2,exclude,Kanagawa\Kanagawa_Haneo,Kanagawa_Haneo_2
14_50_3,exclude,Kanagawa\Kanagawa_Haneo,Kanagawa_Haneo_3
14_50_5,adopt,Kanagawa\Kanagawa_Haneo,Kanagawa_Haneo_5
14_50_6,exclude,Kanagawa\Kanagawa_Haneo,Kanagawa_Haneo_6
14_50_7,exclude,Kanagawa\Kanagawa_Haneo,Kanagawa_Haneo_7
14_50_8,exclude,Kanagawa\Kanagawa_Haneo,Kanagawa_Haneo_8
14_50_9,exclude,Kanagawa\Kanagawa_Haneo,Kanagawa_Haneo_9
14_8_1,exclude,Kanagawa\Kanagawa_Kumagaya,Kanagawa_Kumagaya_1
14_8_2,exclude,Kanagawa\Kanagawa_Kumagaya,Kanagawa_Kumagaya_2
14_8_3,exclude,Kanagawa\Kanagawa_Kumagaya,Kanagawa_Kumagaya_3
14_8_5,exclude,Kanagawa\Kanagawa_Kumagaya,Kanagawa_Kumagaya_5
14_8_6,exclude,Kanagawa\Kanagawa_Kumagaya,Kanagawa_Kumagaya_6
14_8_7,exclude,Kanagawa\Kanagawa_Kumagaya,Kanagawa_Kumagaya_7
14_8_8,exclude,Kanagawa\Kanagawa_Kumagaya,Kanagawa_Kumagaya_8
18_1_1,exclude,Fukui\Fukui_Koyamadani,Fukui_Koyamadani_1
18_1_2,exclude,Fukui\Fukui_Koyamadani,Fukui_Koyamadani_2
18_1_3,exclude,Fukui\Fukui_Koyamadani,Fukui_Koyamadani_3
18_1_5,exclude,Fukui\Fukui_Koyamadani,Fukui_Koyamadani_5
18_2_1,exclude,Fukui\Fukui_Sancho,Fukui_Sancho_1
18_2_2,exclude,Fukui\Fukui_Sancho,Fukui_Sancho_2
18_2_3,exclude,Fukui\Fukui_Sancho,Fukui_Sancho_3
19_1_1,exclude,Yamanashi\Yamanashi_Maruyamazuka,Yamanashi_Maruyamazuka_1
19_1_2,exclude,Yamanashi\Yamanashi_Maruyamazuka,Yamanashi_Maruyamazuka_2
19_1_3,exclude,Yamanashi\Yamanashi_Maruyamazuka,Yamanashi_Maruyamazuka_3
19_1_5,exclude,Yamanashi\Yamanashi_Maruyamazuka,Yamanashi_Maruyamazuka_5
19_1_6,exclude,Yamanashi\Yamanashi_Maruyamazuka,Yamanashi_Maruyamazuka_6
19_1_7,exclude,Yamanashi\Yamanashi_Maruyamazuka,Yamanashi_Maruyamazuka_7
20_1_2,exclude,Nagano\Nagano_Yoshi,Nagano_Yoshi_2
20_1_3,exclude,Nagano\Nagano_Yoshi,Nagano_Yoshi_3
20_1_5,exclude,Nagano\Nagano_Yoshi,Nagano_Yoshi_5
20_1_6,exclude,Nagano\Nagano_Yoshi,Nagano_Yoshi_6
20_1_7,exclude,Nagano\Nagano_Yoshi,Nagano_Yoshi_7
20_1_8,exclude,Nagano\Nagano_Yoshi,Nagano_Yoshi_8
20_99_1,exclude,Nagano\Nagano_Jinguji,Nagano_Jinguji_1
20_99_2,exclude,Nagano\Nagano_Jinguji,Nagano_Jinguji_2
20_99_3,exclude,Nagano\Nagano_Jinguji,Nagano_Jinguji_3
20_99_5,adopt,Nagano\Nagano_Jinguji,Nagano_Jinguji_5
20_99_6,adopt,Nagano\Nagano_Jinguji,Nagano_Jinguji_6
20_99_7,exclude,Nagano\Nagano_Jinguji,Nagano_Jinguji_7
22_7_1,exclude,Shizuoka\Shizuoka_Usagisawa,Shizuoka_Usagisawa_1
22_7_10,adopt,Shizuoka\Shizuoka_Usagisawa,Shizuoka_Usagisawa_10
22_7_11,adopt,Shizuoka\Shizuoka_Usagisawa,Shizuoka_Usagisawa_11
22_7_12,exclude,Shizuoka\Shizuoka_Usagisawa,Shizuoka_Usagisawa_12
22_7_2,exclude,Shizuoka\Shizuoka_Usagisawa,Shizuoka_Usagisawa_2
22_7_3,exclude,Shizuoka\Shizuoka_Usagisawa,Shizuoka_Usagisawa_3
22_7_5,adopt,Shizuoka\Shizuoka_Usagisawa,Shizuoka_Usagisawa_5
22_7_6,adopt,Shizuoka\Shizuoka_Usagisawa,Shizuoka_Usagisawa_6
22_7_7,exclude,Shizuoka\Shizuoka_Usagisawa,Shizuoka_Usagisawa_7
22_7_8,exclude,Shizuoka\Shizuoka_Usagisawa,Shizuoka_Usagisawa_8
22_7_9,exclude,Shizuoka\Shizuoka_Usagisawa,Shizuoka_Usagisawa_9
27_1_1,exclude,Osaka\Osaka_Takaida,Osaka_Takaida_1
27_1_10,exclude,Osaka\Osaka_Takaida,Osaka_Takaida_10
27_1_2,exclude,Osaka\Osaka_Takaida,Osaka_Takaida_2
27_1_3,exclude,Osaka\Osaka_Takaida,Osaka_Takaida_3
27_1_5,exclude,Osaka\Osaka_Takaida,Osaka_Takaida_5
27_1_6,exclude,Osaka\Osaka_Takaida,Osaka_Takaida_6
27_1_7,exclude,Osaka\Osaka_Takaida,Osaka_Takaida_7
27_1_8,exclude,Osaka\Osaka_Takaida,Osaka_Takaida_8
27_1_9,exclude,Osaka\Osaka_Takaida,Osaka_Takaida_9
27_28_1,exclude,Osaka\Osaka_Anpukuji,Osaka_Anpukuji_1
27_28_2,exclude,Osaka\Osaka_Anpukuji,Osaka_Anpukuji_2
27_28_3,exclude,Osaka\Osaka_Anpukuji,Osaka_Anpukuji_3
27_28_5,exclude,Osaka\Osaka_Anpukuji,Osaka_Anpukuji_5
27_28_6,exclude,Osaka\Osaka_Anpukuji,Osaka_Anpukuji_6
27_28_7,exclude,Osaka\Osaka_Anpukuji,Osaka_Anpukuji_7
27_28_8,exclude,Osaka\Osaka_Anpukuji,Osaka_Anpukuji_8
27_99_1,exclude,Osaka\Osaka_Tamateyama_No3,Osaka_Tamateyama_No3_1
27_99_3,exclude,Osaka\Osaka_Tamateyama_No3,Osaka_Tamateyama_No3_3
27_99_5,adopt,Osaka\Osaka_Tamateyama_No3,Osaka_Tamateyama_No3_5
27_99_6,adopt,Osaka\Osaka_Tamateyama_No3,Osaka_Tamateyama_No3_6
28_3_2,exclude,Hyogo\Hyogo_Hokushin_No3,Hyogo_Hokushin_No3_2
28_3_3,exclude,Hyogo\Hyogo_Hokushin_No3,Hyogo_Hokushin_No3_3
28_3_5,adopt,Hyogo\Hyogo_Hokushin_No3,Hyogo_Hokushin_No3_5
28_3_6,exclude,Hyogo\Hyogo_Hokushin_No3,Hyogo_Hokushin_No3_6
28_5_1,exclude,Hyogo\Hyogo_Nakagaito_Sarcophagus,Hyogo_Nakagaito_Sarcophagus_1
28_5_2,adopt,Hyogo\Hyogo_Nakagaito_Sarcophagus,Hyogo_Nakagaito_Sarcophagus_2
28_5_3,exclude,Hyogo\Hyogo_Nakagaito_Sarcophagus,Hyogo_Nakagaito_Sarcophagus_3
28_5_5,adopt,Hyogo\Hyogo_Nakagaito_Sarcophagus,Hyogo_Nakagaito_Sarcophagus_5
28_5_6,adopt,Hyogo\Hyogo_Nakagaito_Sarcophagus,Hyogo_Nakagaito_Sarcophagus_6
28_5_7,exclude,Hyogo\Hyogo_Nakagaito_Sarcophagus,Hyogo_Nakagaito_Sarcophagus_7
28_5_8,exclude,Hyogo\Hyogo_Nakagaito_Sarcophagus,Hyogo_Nakagaito_Sarcophagus_8
28_7_1,exclude,Hyogo\Hyogo_Sannotani,Hyogo_Sannotani_1
28_7_2,exclude,Hyogo\Hyogo_Sannotani,Hyogo_Sannotani_2
28_7_3,exclude,Hyogo\Hyogo_Sannotani,Hyogo_Sannotani_3
29_1_1,exclude,Nara\Nara_Mizoro,Nara_Mizoro_1
29_1_2,exclude,Nara\Nara_Mizoro,Nara_Mizoro_2
29_1_3,exclude,Nara\Nara_Mizoro,Nara_Mizoro_3
29_1_5,adopt,Nara\Nara_Midorominami,Nara_Midorominami_5
29_1_6,adopt,Nara\Nara_Midorominami,Nara_Midorominami_6
29_1_7,adopt,Nara\Nara_Midorominami,Nara_Midorominami_7
29_1_8,exclude,Nara\Nara_Mizoro,Nara_Mizoro_8
30_1_2,exclude,Wakayama\Wakayama_Terayama_No15,Wakayama_Terayama_No15_2
30_1_3,exclude,Wakayama\Wakayama_Terayama_No15,Wakayama_Terayama_No15_3
30_1_5,adopt,Wakayama\Wakayama_Terayama_No15,Wakayama_Terayama_No15_5
30_1_6,exclude,Wakayama\Wakayama_Terayama_No15,Wakayama_Terayama_No15_6
31_11_1,exclude,Tottori\Tottori_Sagiyama,Tottori_Sagiyama_1
31_11_10,adopt,Tottori\Tottori_Sagiyama,Tottori_Sagiyama_10
31_11_11,adopt,Tottori\Tottori_Sagiyama,Tottori_Sagiyama_11
31_11_12,adopt,Tottori\Tottori_Sagiyama,Tottori_Sagiyama_12
31_11_13,exclude,Tottori\Tottori_Sagiyama,Tottori_Sagiyama_13
31_11_14,exclude,Tottori\Tottori_Sagiyama,Tottori_Sagiyama_14
31_11_15,adopt,Tottori\Tottori_Sagiyama,Tottori_Sagiyama_15
31_11_16,exclude,Tottori\Tottori_Sagiyama,Tottori_Sagiyama_16
31_11_17,exclude,Tottori\Tottori_Sagiyama,Tottori_Sagiyama_17
31_11_2,exclude,Tottori\Tottori_Sagiyama,Tottori_Sagiyama_2
31_11_3,exclude,Tottori\Tottori_Sagiyama,Tottori_Sagiyama_3
31_11_5,adopt,Tottori\Tottori_Sagiyama,Tottori_Sagiyama_5
31_11_6,adopt,Tottori\Tottori_Sagiyama,Tottori_Sagiyama_6
31_11_7,adopt,Tottori\Tottori_Sagiyama,Tottori_Sagiyama_7
31_11_8,adopt,Tottori\Tottori_Sagiyama,Tottori_Sagiyama_8
31_11_9,adopt,Tottori\Tottori_Sagiyama,Tottori_Sagiyama_9
31_15_1,exclude,Tottori\Tottori_Bogazuka,Tottori_Bogazuka_1
31_15_10,adopt,Tottori\Tottori_Bogazuka,Tottori_Bogazuka_10
31_15_2,exclude,Tottori\Tottori_Bogazuka,Tottori_Bogazuka_2
31_15_3,exclude,Tottori\Tottori_Bogazuka,Tottori_Bogazuka_3
31_15_5,adopt,Tottori\Tottori_Bogazuka,Tottori_Bogazuka_5
31_15_6,adopt,Tottori\Tottori_Bogazuka,Tottori_Bogazuka_6
31_15_7,adopt,Tottori\Tottori_Bogazuka,Tottori_Bogazuka_7
31_15_8,adopt,Tottori\Tottori_Bogazuka,Tottori_Bogazuka_8
31_15_9,adopt,Tottori\Tottori_Bogazuka,Tottori_Bogazuka_9
31_19_2,exclude,Tottori\Tottori_Sorayama,Tottori_Sorayama_2
31_19_3,exclude,Tottori\Tottori_Sorayama,Tottori_Sorayama_3
31_19_5,exclude,Tottori\Tottori_Sorayama,Tottori_Sorayama_5
31_19_6,exclude,Tottori\Tottori_Sorayama,Tottori_Sorayama_6
31_1_1,exclude,Tottori\Tottori_Kajiyama,Tottori_Kajiyama_1
31_1_2,exclude,Tottori\Tottori_Kajiyama,Tottori_Kajiyama_2
31_1_3,exclude,Tottori\Tottori_Kajiyama,Tottori_Kajiyama_3
31_1_5,adopt,Tottori\Tottori_Kajiyama,Tottori_Kajiyama_5
31_1_6,adopt,Tottori\Tottori_Kajiyama,Tottori_Kajiyama_6
31_1_7,exclude,Tottori\Tottori_Kajiyama,Tottori_Kajiyama_7
31_1_8,exclude,Tottori\Tottori_Kajiyama,Tottori_Kajiyama_8
31_1_9,exclude,Tottori\Tottori_Kajiyama,Tottori_Kajiyama_9
31_2_1,exclude,Tottori\Tottori_Fukuba,Tottori_Fukuba_1
31_2_2,exclude,Tottori\Tottori_Fukuba,Tottori_Fukuba_2
31_2_3,exclude,Tottori\Tottori_Fukuba,Tottori_Fukuba_3
31_2_5,adopt,Tottori\Tottori_Fukuba,Tottori_Fukuba_5
31_2_6,adopt,Tottori\Tottori_Fukuba,Tottori_Fukuba_6
31_2_7,adopt,Tottori\Tottori_Fukuba,Tottori_Fukuba_7
31_2_8,adopt,Tottori\Tottori_Fukuba,Tottori_Fukuba_8
31_35_1,exclude,Tottori\Tottori_Mutsuo_No11,Tottori_Mutsuo_No11_1
31_35_2,exclude,Tottori\Tottori_Mutsuo_No11,Tottori_Mutsuo_No11_2
31_35_3,exclude,Tottori\Tottori_Mutsuo_No11,Tottori_Mutsuo_No11_3
31_35_5,adopt,Tottori\Tottori_Mutsuo_No11,Tottori_Mutsuo_No11_5
31_35_6,adopt,Tottori\Tottori_Mutsuo_No11,Tottori_Mutsuo_No11_6
31_35_7,exclude,Tottori\Tottori_Mutsuo_No11,Tottori_Mutsuo_No11_7
31_35_8,exclude,Tottori\Tottori_Mutsuo_No11,Tottori_Mutsuo_No11_8
31_36_2,exclude,Tottori\Tottori_Tono_No15,Tottori_Tono_No15_2
31_36_3,exclude,Tottori\Tottori_Tono_No15,Tottori_Tono_No15_3
31_39_1,exclude,Tottori\Tottori_Akoyama_No22,Tottori_Akoyama_No22_1
31_39_10,exclude,Tottori\Tottori_Akoyama_No22,Tottori_Akoyama_No22_10
31_39_11,exclude,Tottori\Tottori_Akoyama_No22,Tottori_Akoyama_No22_11
31_39_12,adopt,Tottori\Tottori_Akoyama_No22,Tottori_Akoyama_No22_12
31_39_13,adopt,Tottori\Tottori_Akoyama_No22,Tottori_Akoyama_No22_13
31_39_2,exclude,Tottori\Tottori_Akoyama_No22,Tottori_Akoyama_No22_2
31_39_3,exclude,Tottori\Tottori_Akoyama_No22,Tottori_Akoyama_No22_3
31_39_5,adopt,Tottori\Tottori_Akoyama_No22,Tottori_Akoyama_No22_5
31_39_6,adopt,Tottori\Tottori_Akoyama_No22,Tottori_Akoyama_No22_6
31_39_7,adopt,Tottori\Tottori_Akoyama_No22,Tottori_Akoyama_No22_7
31_39_8,exclude,Tottori\Tottori_Akoyama_No22,Tottori_Akoyama_No22_8
31_39_9,adopt,Tottori\Tottori_Akoyama_No22,Tottori_Akoyama_No22_9
31_41_1,exclude,Tottori\Tottori_Sanmyoji,Tottori_Sanmyoji_1
31_41_2,exclude,Tottori\Tottori_Sanmyoji,Tottori_Sanmyoji_2
31_41_3,exclude,Tottori\Tottori_Sanmyoji,Tottori_Sanmyoji_3
31_41_5,adopt,Tottori\Tottori_Sanmyoji,Tottori_Sanmyoji_5
31_41_6,adopt,Tottori\Tottori_Sanmyoji,Tottori_Sanmyoji_6
31_46_2,exclude,Tottori\Tottori_Kitafuku,Tottori_Kitafuku_2
31_46_3,exclude,Tottori\Tottori_Kitafuku,Tottori_Kitafuku_3
31_49_1,exclude,Tottori\Tottori_Hashita,Tottori_Hashita_1
31_49_2,exclude,Tottori\Tottori_Hashita,Tottori_Hashita_2
31_49_3,exclude,Tottori\Tottori_Hashita,Tottori_Hashita_3
31_49_5,exclude,Tottori\Tottori_Hashita,Tottori_Hashita_5
31_50_1,exclude,Tottori\Tottori_Tenjingaki,Tottori_Tenjingaki_1
31_50_3,exclude,Tottori\Tottori_Tenjingaki,Tottori_Tenjingaki_3
31_51_1,exclude,Tottori\Tottori_Chojaganaru,Tottori_Chojaganaru_1
31_51_2,exclude,Tottori\Tottori_Chojaganaru,Tottori_Chojaganaru_2
31_51_3,exclude,Tottori\Tottori_Chojaganaru,Tottori_Chojaganaru_3
31_51_5,adopt,Tottori\Tottori_Chojaganaru,Tottori_Chojaganaru_5
31_51_6,adopt,Tottori\Tottori_Chojaganaru,Tottori_Chojaganaru_6
31_52_2,exclude,Tottori\Tottori_Banda_No31,Tottori_Banda_No31_2
31_52_3,exclude,Tottori\Tottori_Banda_No31,Tottori_Banda_No31_3
32_10_2,exclude,Shimane\Shimane_Kitsunedani,Shimane_Kitsunedani_2
32_10_3,exclude,Shimane\Shimane_Kitsunedani,Shimane_Kitsunedani_3
32_12_2,exclude,Shimane\Shimane_Fukadaya,Shimane_Fukadaya_2
32_12_3,exclude,Shimane\Shimane_Fukadaya,Shimane_Fukadaya_3
32_21_1,exclude,Shimane\Shimane_Igami,Shimane_Igami_1
32_21_2,exclude,Shimane\Shimane_Igami,Shimane_Igami_2
32_21_3,exclude,Shimane\Shimane_Igami,Shimane_Igami_3
32_21_5,adopt,Shimane\Shimane_Igami,Shimane_Igami_5
32_21_6,adopt,Shimane\Shimane_Igami,Shimane_Igami_6
32_4_2,exclude,Shimane\Shimane_Hiyoshi_Kakinouchi,Shimane_Hiyoshi_Kakinouchi_2
32_4_3,exclude,Shimane\Shimane_Hiyoshi_Kakinouchi,Shimane_Hiyoshi_Kakinouchi_3
32_4_5,adopt,Shimane\Shimane_Hiyoshi_Kakinouchi,Shimane_Hiyoshi_Kakinouchi_5
32_4_6,exclude,Shimane\Shimane_Hiyoshi_Kakinouchi,Shimane_Hiyoshi_Kakinouchi_6
32_5_1,exclude,Shimane\Shimane_Tangean,Shimane_Tangean_1
32_5_2,exclude,Shimane\Shimane_Tangean,Shimane_Tangean_2
32_5_3,exclude,Shimane\Shimane_Tangean,Shimane_Tangean_3
32_5_5,adopt,Shimane\Shimane_Tangean,Shimane_Tangean_5
32_5_6,exclude,Shimane\Shimane_Tangean,Shimane_Tangean_6
32_6_1,exclude,Shimane\Shimane_Juomen,Shimane_Juomen_1
32_6_2,exclude,Shimane\Shimane_Juomen,Shimane_Juomen_2
32_6_3,exclude,Shimane\Shimane_Juomen,Shimane_Juomen_3
32_6_5,exclude,Shimane\Shimane_Juomen,Shimane_Juomen_5
32_6_6,exclude,Shimane\Shimane_Juomen,Shimane_Juomen_6
32_6_7,exclude,Shimane\Shimane_Juomen,Shimane_Juomen_7
33_1_1,exclude,Okayama\Okayama_Senzoku,Okayama_Senzoku_1
33_1_10,exclude,Okayama\Okayama_Senzoku,Okayama_Senzoku_10
33_1_11,exclude,Okayama\Okayama_Senzoku,Okayama_Senzoku_11
33_1_2,exclude,Okayama\Okayama_Senzoku,Okayama_Senzoku_2
33_1_3,exclude,Okayama\Okayama_Senzoku,Okayama_Senzoku_3
33_1_5,adopt,Okayama\Okayama_Senzoku,Okayama_Senzoku_5
33_1_6,exclude,Okayama\Okayama_Senzoku,Okayama_Senzoku_6
33_1_7,exclude,Okayama\Okayama_Senzoku,Okayama_Senzoku_7
33_1_8,exclude,Okayama\Okayama_Senzoku,Okayama_Senzoku_8
33_1_9,exclude,Okayama\Okayama_Senzoku,Okayama_Senzoku_9
33_2_1,exclude,Okayama\Okayama_Tsuruyama_Maruyama,Okayama_Tsuruyama_Maruyama_1
33_2_2,exclude,Okayama\Okayama_Tsuruyama_Maruyama,Okayama_Tsuruyama_Maruyama_2
33_2_3,exclude,Okayama\Okayama_Tsuruyama_Maruyama,Okayama_Tsuruyama_Maruyama_3
33_2_5,adopt,Okayama\Okayama_Tsuruyama_Maruyama,Okayama_Tsuruyama_Maruyama_5
34_1_1,exclude,Hiroshima\Hiroshima_Haji_Osako,Hiroshima_Haji_Osako_1
34_1_2,exclude,Hiroshima\Hiroshima_Haji_Osako,Hiroshima_Haji_Osako_2
34_1_3,exclude,Hiroshima\Hiroshima_Haji_Osako,Hiroshima_Haji_Osako_3
35_1_1,exclude,Yamaguchi\Yamaguchi_Anakannon,Yamaguchi_Anakannon_1
35_1_10,adopt,Yamaguchi\Yamaguchi_Anakannon,Yamaguchi_Anakannon_10
35_1_11,exclude,Yamaguchi\Yamaguchi_Anakannon,Yamaguchi_Anakannon_11
35_1_2,exclude,Yamaguchi\Yamaguchi_Anakannon,Yamaguchi_Anakannon_2
35_1_3,exclude,Yamaguchi\Yamaguchi_Anakannon,Yamaguchi_Anakannon_3
35_1_5,adopt,Yamaguchi\Yamaguchi_Anakannon,Yamaguchi_Anakannon_5
35_1_6,adopt,Yamaguchi\Yamaguchi_Anakannon,Yamaguchi_Anakannon_6
35_1_7,adopt,Yamaguchi\Yamaguchi_Anakannon,Yamaguchi_Anakannon_7
35_1_8,adopt,Yamaguchi\Yamaguchi_Anakannon,Yamaguchi_Anakannon_8
35_1_9,adopt,Yamaguchi\Yamaguchi_Anakannon,Yamaguchi_Anakannon_9
37_10_1,exclude,Kagawa\Kagawa_Koshojiyama,Kagawa_Koshojiyama_1
37_10_2,exclude,Kagawa\Kagawa_Koshojiyama,Kagawa_Koshojiyama_2
37_10_3,exclude,Kagawa\Kagawa_Koshojiyama,Kagawa_Koshojiyama_3
37_10_5,adopt,Kagawa\Kagawa_Koshojiyama,Kagawa_Koshojiyama_5
37_10_6,adopt,Kagawa\Kagawa_Koshojiyama,Kagawa_Koshojiyama_6
37_15_2,exclude,Kagawa\Kagawa_Daigo,Kagawa_Daigo_2
37_15_3,exclude,Kagawa\Kagawa_Daigo,Kagawa_Daigo_3
37_15_5,exclude,Kagawa\Kagawa_Daigo,Kagawa_Daigo_5
37_15_6,exclude,Kagawa\Kagawa_Daigo,Kagawa_Daigo_6
37_1_1,exclude,Kagawa\Kagawa_Miyagao,Kagawa_Miyagao_1
37_1_10,exclude,Kagawa\Kagawa_Miyagao,Kagawa_Miyagao_10
37_1_11,exclude,Kagawa\Kagawa_Miyagao,Kagawa_Miyagao_11
37_1_12,exclude,Kagawa\Kagawa_Miyagao,Kagawa_Miyagao_12
37_1_13,exclude,Kagawa\Kagawa_Miyagao,Kagawa_Miyagao_13
37_1_14,exclude,Kagawa\Kagawa_Miyagao,Kagawa_Miyagao_14
37_1_15,exclude,Kagawa\Kagawa_Miyagao,Kagawa_Miyagao_15
37_1_16,exclude,Kagawa\Kagawa_Miyagao,Kagawa_Miyagao_16
37_1_17,exclude,Kagawa\Kagawa_Miyagao,Kagawa_Miyagao_17
37_1_18,exclude,Kagawa\Kagawa_Miyagao,Kagawa_Miyagao_18
37_1_19,exclude,Kagawa\Kagawa_Miyagao,Kagawa_Miyagao_19
37_1_2,exclude,Kagawa\Kagawa_Miyagao,Kagawa_Miyagao_2
37_1_3,exclude,Kagawa\Kagawa_Miyagao,Kagawa_Miyagao_3
37_1_5,adopt,Kagawa\Kagawa_Miyagao,Kagawa_Miyagao_5
37_1_6,adopt,Kagawa\Kagawa_Miyagao,Kagawa_Miyagao_6
37_1_7,adopt,Kagawa\Kagawa_Miyagao,Kagawa_Miyagao_7
37_1_8,adopt,Kagawa\Kagawa_Miyagao,Kagawa_Miyagao_8
37_1_9,exclude,Kagawa\Kagawa_Miyagao,Kagawa_Miyagao_9
37_4_1,exclude,Kagawa\Kagawa_Oka,Kagawa_Oka_1
37_4_2,exclude,Kagawa\Kagawa_Oka,Kagawa_Oka_2
37_4_3,exclude,Kagawa\Kagawa_Oka,Kagawa_Oka_3
37_4_5,adopt,Kagawa\Kagawa_Oka,Kagawa_Oka_5
37_4_6,adopt,Kagawa\Kagawa_Oka,Kagawa_Oka_6
37_4_7,adopt,Kagawa\Kagawa_Oka,Kagawa_Oka_7
37_4_8,adopt,Kagawa\Kagawa_Oka,Kagawa_Oka_8
37_4_9,adopt,Kagawa\Kagawa_Oka,Kagawa_Oka_9
40_12_1,exclude,Fukuoka\Fukuoka_Mezurashizuka,Fukuoka_Mezurashizuka_1
40_12_10,adopt,Fukuoka\Fukuoka_Mezurashizuka,Fukuoka_Mezurashizuka_10
40_12_11,adopt,Fukuoka\Fukuoka_Mezurashizuka,Fukuoka_Mezurashizuka_11
40_12_12,adopt,Fukuoka\Fukuoka_Mezurashizuka,Fukuoka_Mezurashizuka_12
40_12_13,adopt,Fukuoka\Fukuoka_Mezurashizuka,Fukuoka_Mezurashizuka_13
40_12_14,exclude,Fukuoka\Fukuoka_Mezurashizuka,Fukuoka_Mezurashizuka_14
40_12_15,exclude,Fukuoka\Fukuoka_Mezurashizuka,Fukuoka_Mezurashizuka_15
40_12_2,exclude,Fukuoka\Fukuoka_Mezurashizuka,Fukuoka_Mezurashizuka_2
40_12_3,exclude,Fukuoka\Fukuoka_Mezurashizuka,Fukuoka_Mezurashizuka_3
40_12_4,exclude,Fukuoka\Fukuoka_Mezurashizuka,Fukuoka_Mezurashizuka_4
40_12_5,adopt,Fukuoka\Fukuoka_Mezurashizuka,Fukuoka_Mezurashizuka_5
40_12_6,adopt,Fukuoka\Fukuoka_Mezurashizuka,Fukuoka_Mezurashizuka_6
40_12_7,adopt,Fukuoka\Fukuoka_Mezurashizuka,Fukuoka_Mezurashizuka_7
40_12_8,adopt,Fukuoka\Fukuoka_Mezurashizuka,Fukuoka_Mezurashizuka_8
40_12_9,adopt,Fukuoka\Fukuoka_Mezurashizuka,Fukuoka_Mezurashizuka_9
40_13_1,exclude,Fukuoka\Fukuoka_Hara,Fukuoka_Hara_1
40_13_10,adopt,Fukuoka\Fukuoka_Hara,Fukuoka_Hara_10
40_13_2,exclude,Fukuoka\Fukuoka_Hara,Fukuoka_Hara_2
40_13_3,exclude,Fukuoka\Fukuoka_Hara,Fukuoka_Hara_3
40_13_4,exclude,Fukuoka\Fukuoka_Hara,Fukuoka_Hara_4
40_13_5,adopt,Fukuoka\Fukuoka_Hara,Fukuoka_Hara_5
40_13_6,adopt,Fukuoka\Fukuoka_Hara,Fukuoka_Hara_6
40_13_7,adopt,Fukuoka\Fukuoka_Hara,Fukuoka_Hara_7
40_13_8,adopt,Fukuoka\Fukuoka_Hara,Fukuoka_Hara_8
40_13_9,adopt,Fukuoka\Fukuoka_Hara,Fukuoka_Hara_9
40_14_1,exclude,Fukuoka\Fukuoka_Torifunezuka,Fukuoka_Torifunezuka_1
40_14_10,adopt,Fukuoka\Fukuoka_Torifunezuka,Fukuoka_Torifunezuka_10
40_14_11,exclude,Fukuoka\Fukuoka_Torifunezuka,Fukuoka_Torifunezuka_11
40_14_12,exclude,Fukuoka\Fukuoka_Torifunezuka,Fukuoka_Torifunezuka_12
40_14_2,exclude,Fukuoka\Fukuoka_Torifunezuka,Fukuoka_Torifunezuka_2
40_14_3,exclude,Fukuoka\Fukuoka_Torifunezuka,Fukuoka_Torifunezuka_3
40_14_4,exclude,Fukuoka\Fukuoka_Torifunezuka,Fukuoka_Torifunezuka_4
40_14_5,adopt,Fukuoka\Fukuoka_Torifunezuka,Fukuoka_Torifunezuka_5
40_14_6,adopt,Fukuoka\Fukuoka_Torifunezuka,Fukuoka_Torifunezuka_6
40_14_7,adopt,Fukuoka\Fukuoka_Torifunezuka,Fukuoka_Torifunezuka_7
40_14_8,adopt,Fukuoka\Fukuoka_Torifunezuka,Fukuoka_Torifunezuka_8
40_14_9,adopt,Fukuoka\Fukuoka_Torifunezuka,Fukuoka_Torifunezuka_9
40_15_1,exclude,Fukuoka\Fukuoka_Furuhata,Fukuoka_Furuhata_1
40_15_2,exclude,Fukuoka\Fukuoka_Furuhata,Fukuoka_Furuhata_2
40_15_3,exclude,Fukuoka\Fukuoka_Furuhata,Fukuoka_Furuhata_3
40_15_4,exclude,Fukuoka\Fukuoka_Furuhata,Fukuoka_Furuhata_4
40_15_5,adopt,Fukuoka\Fukuoka_Furuhata,Fukuoka_Furuhata_5
40_15_6,adopt,Fukuoka\Fukuoka_Furuhata,Fukuoka_Furuhata_6
40_15_7,adopt,Fukuoka\Fukuoka_Furuhata,Fukuoka_Furuhata_7
40_16_1,exclude,Fukuoka\Fukuoka_Hinooka,Fukuoka_Hinooka_1
40_16_10,adopt,Fukuoka\Fukuoka_Hinooka,Fukuoka_Hinooka_10
40_16_11,adopt,Fukuoka\Fukuoka_Hinooka,Fukuoka_Hinooka_11
40_16_12,adopt,Fukuoka\Fukuoka_Hinooka,Fukuoka_Hinooka_12
40_16_13,adopt,Fukuoka\Fukuoka_Hinooka,Fukuoka_Hinooka_13
40_16_14,adopt,Fukuoka\Fukuoka_Hinooka,Fukuoka_Hinooka_14
40_16_15,adopt,Fukuoka\Fukuoka_Hinooka,Fukuoka_Hinooka_15
40_16_16,adopt,Fukuoka\Fukuoka_Hinooka,Fukuoka_Hinooka_16
40_16_17,adopt,Fukuoka\Fukuoka_Hinooka,Fukuoka_Hinooka_17
40_16_18,adopt,Fukuoka\Fukuoka_Hinooka,Fukuoka_Hinooka_18
40_16_19,adopt,Fukuoka\Fukuoka_Hinooka,Fukuoka_Hinooka_19
40_16_2,exclude,Fukuoka\Fukuoka_Hinooka,Fukuoka_Hinooka_2
40_16_20,adopt,Fukuoka\Fukuoka_Hinooka,Fukuoka_Hinooka_20
40_16_21,adopt,Fukuoka\Fukuoka_Hinooka,Fukuoka_Hinooka_21
40_16_22,adopt,Fukuoka\Fukuoka_Hinooka,Fukuoka_Hinooka_22
40_16_23,adopt,Fukuoka\Fukuoka_Hinooka,Fukuoka_Hinooka_23
40_16_24,adopt,Fukuoka\Fukuoka_Hinooka,Fukuoka_Hinooka_24
40_16_25,exclude,Fukuoka\Fukuoka_Hinooka,Fukuoka_Hinooka_25
40_16_3,exclude,Fukuoka\Fukuoka_Hinooka,Fukuoka_Hinooka_3
40_16_4,exclude,Fukuoka\Fukuoka_Hinooka,Fukuoka_Hinooka_4
40_16_5,adopt,Fukuoka\Fukuoka_Hinooka,Fukuoka_Hinooka_5
40_16_6,adopt,Fukuoka\Fukuoka_Hinooka,Fukuoka_Hinooka_6
40_16_7,adopt,Fukuoka\Fukuoka_Hinooka,Fukuoka_Hinooka_7
40_16_8,adopt,Fukuoka\Fukuoka_Hinooka,Fukuoka_Hinooka_8
40_16_9,adopt,Fukuoka\Fukuoka_Hinooka,Fukuoka_Hinooka_9
40_17_1,exclude,Fukuoka\Fukuoka_Shigesada,Fukuoka_Shigesada_1
40_17_10,adopt,Fukuoka\Fukuoka_Shigesada,Fukuoka_Shigesada_10
40_17_11,adopt,Fukuoka\Fukuoka_Shigesada,Fukuoka_Shigesada_11
40_17_12,adopt,Fukuoka\Fukuoka_Shigesada,Fukuoka_Shigesada_12
40_17_13,exclude,Fukuoka\Fukuoka_Shigesada,Fukuoka_Shigesada_13
40_17_2,exclude,Fukuoka\Fukuoka_Shigesada,Fukuoka_Shigesada_2
40_17_3,exclude,Fukuoka\Fukuoka_Shigesada,Fukuoka_Shigesada_3
40_17_4,exclude,Fukuoka\Fukuoka_Shigesada,Fukuoka_Shigesada_4
40_17_5,adopt,Fukuoka\Fukuoka_Shigesada,Fukuoka_Shigesada_5
40_17_6,adopt,Fukuoka\Fukuoka_Shigesada,Fukuoka_Shigesada_6
40_17_7,adopt,Fukuoka\Fukuoka_Shigesada,Fukuoka_Shigesada_7
40_17_8,adopt,Fukuoka\Fukuoka_Shigesada,Fukuoka_Shigesada_8
40_17_9,adopt,Fukuoka\Fukuoka_Shigesada,Fukuoka_Shigesada_9
40_18_1,exclude,Fukuoka\Fukuoka_Tsukahanazuka,Fukuoka_Tsukahanazuka_1
40_18_10,adopt,Fukuoka\Fukuoka_Tsukahanazuka,Fukuoka_Tsukahanazuka_10
40_18_11,exclude,Fukuoka\Fukuoka_Tsukahanazuka,Fukuoka_Tsukahanazuka_11
40_18_2,exclude,Fukuoka\Fukuoka_Tsukahanazuka,Fukuoka_Tsukahanazuka_2
40_18_4,exclude,Fukuoka\Fukuoka_Tsukahanazuka,Fukuoka_Tsukahanazuka_4
40_18_5,adopt,Fukuoka\Fukuoka_Tsukahanazuka,Fukuoka_Tsukahanazuka_5
40_18_6,adopt,Fukuoka\Fukuoka_Tsukahanazuka,Fukuoka_Tsukahanazuka_6
40_18_7,adopt,Fukuoka\Fukuoka_Tsukahanazuka,Fukuoka_Tsukahanazuka_7
40_18_8,adopt,Fukuoka\Fukuoka_Tsukahanazuka,Fukuoka_Tsukahanazuka_8
40_18_9,adopt,Fukuoka\Fukuoka_Tsukahanazuka,Fukuoka_Tsukahanazuka_9
40_19_1,exclude,Fukuoka\Fukuoka_Sendo,Fukuoka_Sendo_1
40_19_10,adopt,Fukuoka\Fukuoka_Sendo,Fukuoka_Sendo_10
40_19_11,adopt,Fukuoka\Fukuoka_Sendo,Fukuoka_Sendo_11
40_19_12,adopt,Fukuoka\Fukuoka_Sendo,Fukuoka_Sendo_12
40_19_13,adopt,Fukuoka\Fukuoka_Sendo,Fukuoka_Sendo_13
40_19_14,adopt,Fukuoka\Fukuoka_Sendo,Fukuoka_Sendo_14
40_19_15,adopt,Fukuoka\Fukuoka_Sendo,Fukuoka_Sendo_15
40_19_16,exclude,Fukuoka\Fukuoka_Sendo,Fukuoka_Sendo_16
40_19_17,exclude,Fukuoka\Fukuoka_Sendo,Fukuoka_Sendo_17
40_19_18,exclude,Fukuoka\Fukuoka_Sendo,Fukuoka_Sendo_18
40_19_19,exclude,Fukuoka\Fukuoka_Sendo,Fukuoka_Sendo_19
40_19_2,exclude,Fukuoka\Fukuoka_Sendo,Fukuoka_Sendo_2
40_19_3,exclude,Fukuoka\Fukuoka_Sendo,Fukuoka_Sendo_3
40_19_5,adopt,Fukuoka\Fukuoka_Sendo,Fukuoka_Sendo_5
40_19_6,adopt,Fukuoka\Fukuoka_Sendo,Fukuoka_Sendo_6
40_19_7,adopt,Fukuoka\Fukuoka_Sendo,Fukuoka_Sendo_7
40_19_8,adopt,Fukuoka\Fukuoka_Sendo,Fukuoka_Sendo_8
40_19_9,adopt,Fukuoka\Fukuoka_Sendo,Fukuoka_Sendo_9
40_1_1,exclude,Fukuoka\Fukuoka_Kokadani,Fukuoka_Kokadani_1
40_1_10,adopt,Fukuoka\Fukuoka_Kokadani,Fukuoka_Kokadani_10
40_1_11,adopt,Fukuoka\Fukuoka_Kokadani,Fukuoka_Kokadani_11
40_1_12,adopt,Fukuoka\Fukuoka_Kokadani,Fukuoka_Kokadani_12
40_1_13,adopt,Fukuoka\Fukuoka_Kokadani,Fukuoka_Kokadani_13
40_1_14,adopt,Fukuoka\Fukuoka_Kokadani,Fukuoka_Kokadani_14
40_1_15,adopt,Fukuoka\Fukuoka_Kokadani,Fukuoka_Kokadani_15
40_1_2,exclude,Fukuoka\Fukuoka_Kokadani,Fukuoka_Kokadani_2
40_1_3,exclude,Fukuoka\Fukuoka_Kokadani,Fukuoka_Kokadani_3
40_1_4,exclude,Fukuoka\Fukuoka_Kokadani,Fukuoka_Kokadani_4
40_1_5,adopt,Fukuoka\Fukuoka_Kokadani,Fukuoka_Kokadani_5
40_1_6,adopt,Fukuoka\Fukuoka_Kokadani,Fukuoka_Kokadani_6
40_1_7,adopt,Fukuoka\Fukuoka_Kokadani,Fukuoka_Kokadani_7
40_1_8,adopt,Fukuoka\Fukuoka_Kokadani,Fukuoka_Kokadani_8
40_1_9,adopt,Fukuoka\Fukuoka_Kokadani,Fukuoka_Kokadani_9
40_20_10,adopt,Fukuoka\Fukuoka_Togami_Kannonzuka,Fukuoka_Togami_Kannonzuka_10
40_20_11,adopt,Fukuoka\Fukuoka_Togami_Kannonzuka,Fukuoka_Togami_Kannonzuka_11
40_20_12,adopt,Fukuoka\Fukuoka_Togami_Kannonzuka,Fukuoka_Togami_Kannonzuka_12
40_20_13,adopt,Fukuoka\Fukuoka_Togami_Kannonzuka,Fukuoka_Togami_Kannonzuka_13
40_20_14,adopt,Fukuoka\Fukuoka_Togami_Kannonzuka,Fukuoka_Togami_Kannonzuka_14
40_20_2,exclude,Fukuoka\Fukuoka_Togami_Kannonzuka,Fukuoka_Togami_Kannonzuka_2
40_20_5,adopt,Fukuoka\Fukuoka_Togami_Kannonzuka,Fukuoka_Togami_Kannonzuka_5
40_20_6,adopt,Fukuoka\Fukuoka_Togami_Kannonzuka,Fukuoka_Togami_Kannonzuka_6
40_20_7,adopt,Fukuoka\Fukuoka_Togami_Kannonzuka,Fukuoka_Togami_Kannonzuka_7
40_20_8,adopt,Fukuoka\Fukuoka_Togami_Kannonzuka,Fukuoka_Togami_Kannonzuka_8
40_20_9,adopt,Fukuoka\Fukuoka_Togami_Kannonzuka,Fukuoka_Togami_Kannonzuka_9
40_21_2,exclude,Fukuoka\Fukuoka_Yoshitake_K7,Fukuoka_Yoshitake_K7_2
40_21_3,exclude,Fukuoka\Fukuoka_Yoshitake_K7,Fukuoka_Yoshitake_K7_3
40_21_5,exclude,Fukuoka\Fukuoka_Yoshitake_K7,Fukuoka_Yoshitake_K7_5
40_21_6,exclude,Fukuoka\Fukuoka_Yoshitake_K7,Fukuoka_Yoshitake_K7_6
40_22_1,exclude,Fukuoka\Fukuoka_Gorozan,Fukuoka_Gorozan_1
40_22_10,adopt,Fukuoka\Fukuoka_Gorozan,Fukuoka_Gorozan_10
40_22_11,adopt,Fukuoka\Fukuoka_Gorozan,Fukuoka_Gorozan_11
40_22_12,adopt,Fukuoka\Fukuoka_Gorozan,Fukuoka_Gorozan_12
40_22_13,adopt,Fukuoka\Fukuoka_Gorozan,Fukuoka_Gorozan_13
40_22_14,adopt,Fukuoka\Fukuoka_Gorozan,Fukuoka_Gorozan_14
40_22_15,adopt,Fukuoka\Fukuoka_Gorozan,Fukuoka_Gorozan_15
40_22_16,adopt,Fukuoka\Fukuoka_Gorozan,Fukuoka_Gorozan_16
40_22_17,adopt,Fukuoka\Fukuoka_Gorozan,Fukuoka_Gorozan_17
40_22_18,adopt,Fukuoka\Fukuoka_Gorozan,Fukuoka_Gorozan_18
40_22_19,adopt,Fukuoka\Fukuoka_Gorozan,Fukuoka_Gorozan_19
40_22_2,exclude,Fukuoka\Fukuoka_Gorozan,Fukuoka_Gorozan_2
40_22_20,adopt,Fukuoka\Fukuoka_Gorozan,Fukuoka_Gorozan_20
40_22_21,adopt,Fukuoka\Fukuoka_Gorozan,Fukuoka_Gorozan_21
40_22_22,adopt,Fukuoka\Fukuoka_Gorozan,Fukuoka_Gorozan_22
40_22_23,adopt,Fukuoka\Fukuoka_Gorozan,Fukuoka_Gorozan_23
40_22_24,adopt,Fukuoka\Fukuoka_Gorozan,Fukuoka_Gorozan_24
40_22_25,adopt,Fukuoka\Fukuoka_Gorozan,Fukuoka_Gorozan_25
40_22_26,adopt,Fukuoka\Fukuoka_Gorozan,Fukuoka_Gorozan_26
40_22_27,adopt,Fukuoka\Fukuoka_Gorozan,Fukuoka_Gorozan_27
40_22_28,exclude,Fukuoka\Fukuoka_Gorozan,Fukuoka_Gorozan_28
40_22_29,exclude,Fukuoka\Fukuoka_Gorozan,Fukuoka_Gorozan_29
40_22_3,exclude,Fukuoka\Fukuoka_Gorozan,Fukuoka_Gorozan_3
40_22_30,exclude,Fukuoka\Fukuoka_Gorozan,Fukuoka_Gorozan_30
40_22_31,exclude,Fukuoka\Fukuoka_Gorozan,Fukuoka_Gorozan_31
40_22_32,exclude,Fukuoka\Fukuoka_Gorozan,Fukuoka_Gorozan_32
40_22_33,exclude,Fukuoka\Fukuoka_Gorozan,Fukuoka_Gorozan_33
40_22_34,exclude,Fukuoka\Fukuoka_Gorozan,Fukuoka_Gorozan_34
40_22_35,exclude,Fukuoka\Fukuoka_Gorozan,Fukuoka_Gorozan_35
40_22_4,exclude,Fukuoka\Fukuoka_Gorozan,Fukuoka_Gorozan_4
40_22_5,adopt,Fukuoka\Fukuoka_Gorozan,Fukuoka_Gorozan_5
40_22_6,adopt,Fukuoka\Fukuoka_Gorozan,Fukuoka_Gorozan_6
40_22_7,adopt,Fukuoka\Fukuoka_Gorozan,Fukuoka_Gorozan_7
40_22_8,adopt,Fukuoka\Fukuoka_Gorozan,Fukuoka_Gorozan_8
40_22_9,adopt,Fukuoka\Fukuoka_Gorozan,Fukuoka_Gorozan_9
40_23_1,exclude,Fukuoka\Fukuoka_Ozuka,Fukuoka_Ozuka_1
40_23_10,adopt,Fukuoka\Fukuoka_Ozuka,Fukuoka_Ozuka_10
40_23_11,adopt,Fukuoka\Fukuoka_Ozuka,Fukuoka_Ozuka_11
40_23_12,adopt,Fukuoka\Fukuoka_Ozuka,Fukuoka_Ozuka_12
40_23_13,adopt,Fukuoka\Fukuoka_Ozuka,Fukuoka_Ozuka_13
40_23_14,adopt,Fukuoka\Fukuoka_Ozuka,Fukuoka_Ozuka_14
40_23_15,adopt,Fukuoka\Fukuoka_Ozuka,Fukuoka_Ozuka_15
40_23_16,adopt,Fukuoka\Fukuoka_Ozuka,Fukuoka_Ozuka_16
40_23_17,adopt,Fukuoka\Fukuoka_Ozuka,Fukuoka_Ozuka_17
40_23_18,adopt,Fukuoka\Fukuoka_Ozuka,Fukuoka_Ozuka_18
40_23_19,exclude,Fukuoka\Fukuoka_Ozuka,Fukuoka_Ozuka_19
40_23_2,exclude,Fukuoka\Fukuoka_Ozuka,Fukuoka_Ozuka_2
40_23_20,exclude,Fukuoka\Fukuoka_Ozuka,Fukuoka_Ozuka_20
40_23_21,exclude,Fukuoka\Fukuoka_Ozuka,Fukuoka_Ozuka_21
40_23_3,exclude,Fukuoka\Fukuoka_Ozuka,Fukuoka_Ozuka_3
40_23_4,exclude,Fukuoka\Fukuoka_Ozuka,Fukuoka_Ozuka_4
40_23_5,adopt,Fukuoka\Fukuoka_Ozuka,Fukuoka_Ozuka_5
40_23_6,adopt,Fukuoka\Fukuoka_Ozuka,Fukuoka_Ozuka_6
40_23_7,adopt,Fukuoka\Fukuoka_Ozuka,Fukuoka_Ozuka_7
40_23_8,adopt,Fukuoka\Fukuoka_Ozuka,Fukuoka_Ozuka_8
40_23_9,adopt,Fukuoka\Fukuoka_Ozuka,Fukuoka_Ozuka_9
40_24_1,exclude,Fukuoka\Fukuoka_Kawashima,Fukuoka_Kawashima_1
40_24_10,exclude,Fukuoka\Fukuoka_Kawashima,Fukuoka_Kawashima_10
40_24_2,exclude,Fukuoka\Fukuoka_Kawashima,Fukuoka_Kawashima_2
40_24_3,exclude,Fukuoka\Fukuoka_Kawashima,Fukuoka_Kawashima_3
40_24_5,adopt,Fukuoka\Fukuoka_Kawashima,Fukuoka_Kawashima_5
40_24_6,adopt,Fukuoka\Fukuoka_Kawashima,Fukuoka_Kawashima_6
40_24_7,adopt,Fukuoka\Fukuoka_Kawashima,Fukuoka_Kawashima_7
40_24_8,adopt,Fukuoka\Fukuoka_Kawashima,Fukuoka_Kawashima_8
40_24_9,adopt,Fukuoka\Fukuoka_Kawashima,Fukuoka_Kawashima_9
40_25_1,exclude,Fukuoka\Fukuoka_Takehara,Fukuoka_Takehara_1
40_25_10,adopt,Fukuoka\Fukuoka_Takehara,Fukuoka_Takehara_10
40_25_11,adopt,Fukuoka\Fukuoka_Takehara,Fukuoka_Takehara_11
40_25_12,adopt,Fukuoka\Fukuoka_Takehara,Fukuoka_Takehara_12
40_25_13,adopt,Fukuoka\Fukuoka_Takehara,Fukuoka_Takehara_13
40_25_14,exclude,Fukuoka\Fukuoka_Takehara,Fukuoka_Takehara_14
40_25_15,exclude,Fukuoka\Fukuoka_Takehara,Fukuoka_Takehara_15
40_25_2,exclude,Fukuoka\Fukuoka_Takehara,Fukuoka_Takehara_2
40_25_3,exclude,Fukuoka\Fukuoka_Takehara,Fukuoka_Takehara_3
40_25_5,adopt,Fukuoka\Fukuoka_Takehara,Fukuoka_Takehara_5
40_25_6,adopt,Fukuoka\Fukuoka_Takehara,Fukuoka_Takehara_6
40_25_7,adopt,Fukuoka\Fukuoka_Takehara,Fukuoka_Takehara_7
40_25_8,adopt,Fukuoka\Fukuoka_Takehara,Fukuoka_Takehara_8
40_25_9,adopt,Fukuoka\Fukuoka_Takehara,Fukuoka_Takehara_9
40_26_1,exclude,Fukuoka\Fukuoka_Songakuma,Fukuoka_Songakuma_1
40_26_2,exclude,Fukuoka\Fukuoka_Songakuma,Fukuoka_Songakuma_2
40_26_3,exclude,Fukuoka\Fukuoka_Songakuma,Fukuoka_Songakuma_3
40_26_5,adopt,Fukuoka\Fukuoka_Songakuma,Fukuoka_Songakuma_5
40_26_6,adopt,Fukuoka\Fukuoka_Songakuma,Fukuoka_Songakuma_6
40_26_7,adopt,Fukuoka\Fukuoka_Songakuma,Fukuoka_Songakuma_7
40_26_8,adopt,Fukuoka\Fukuoka_Songakuma,Fukuoka_Songakuma_8
40_26_9,exclude,Fukuoka\Fukuoka_Songakuma,Fukuoka_Songakuma_9
40_27_5,adopt,Fukuoka\Fukuoka_Hiagari_Ipponmatsuzuka,Fukuoka_Hiagari_Ipponmatsuzuka_5
40_27_6,adopt,Fukuoka\Fukuoka_Hiagari_Ipponmatsuzuka,Fukuoka_Hiagari_Ipponmatsuzuka_6
40_28_1,exclude,Fukuoka\Fukuoka_Sekijinsan,Fukuoka_Sekijinsan_1
40_28_10,adopt,Fukuoka\Fukuoka_Sekijinsan,Fukuoka_Sekijinsan_10
40_28_11,exclude,Fukuoka\Fukuoka_Sekijinsan,Fukuoka_Sekijinsan_11
40_28_12,exclude,Fukuoka\Fukuoka_Sekijinsan,Fukuoka_Sekijinsan_12
40_28_2,exclude,Fukuoka\Fukuoka_Sekijinsan,Fukuoka_Sekijinsan_2
40_28_3,exclude,Fukuoka\Fukuoka_Sekijinsan,Fukuoka_Sekijinsan_3
40_28_4,exclude,Fukuoka\Fukuoka_Sekijinsan,Fukuoka_Sekijinsan_4
40_28_5,adopt,Fukuoka\Fukuoka_Sekijinsan,Fukuoka_Sekijinsan_5
40_28_6,adopt,Fukuoka\Fukuoka_Sekijinsan,Fukuoka_Sekijinsan_6
40_28_7,adopt,Fukuoka\Fukuoka_Sekijinsan,Fukuoka_Sekijinsan_7
40_28_8,adopt,Fukuoka\Fukuoka_Sekijinsan,Fukuoka_Sekijinsan_8
40_28_9,exclude,Fukuoka\Fukuoka_Sekijinsan,Fukuoka_Sekijinsan_9
40_29_1,exclude,Fukuoka\Fukuoka_Maruyamazuka,Fukuoka_Maruyamazuka_1
40_29_10,adopt,Fukuoka\Fukuoka_Maruyamazuka,Fukuoka_Maruyamazuka_10
40_29_11,adopt,Fukuoka\Fukuoka_Maruyamazuka,Fukuoka_Maruyamazuka_11
40_29_12,adopt,Fukuoka\Fukuoka_Maruyamazuka,Fukuoka_Maruyamazuka_12
40_29_13,adopt,Fukuoka\Fukuoka_Maruyamazuka,Fukuoka_Maruyamazuka_13
40_29_14,exclude,Fukuoka\Fukuoka_Maruyamazuka,Fukuoka_Maruyamazuka_14
40_29_2,exclude,Fukuoka\Fukuoka_Maruyamazuka,Fukuoka_Maruyamazuka_2
40_29_4,exclude,Fukuoka\Fukuoka_Maruyamazuka,Fukuoka_Maruyamazuka_4
40_29_5,adopt,Fukuoka\Fukuoka_Maruyamazuka,Fukuoka_Maruyamazuka_5
40_29_6,adopt,Fukuoka\Fukuoka_Maruyamazuka,Fukuoka_Maruyamazuka_6
40_29_7,adopt,Fukuoka\Fukuoka_Maruyamazuka,Fukuoka_Maruyamazuka_7
40_29_8,adopt,Fukuoka\Fukuoka_Maruyamazuka,Fukuoka_Maruyamazuka_8
40_29_9,adopt,Fukuoka\Fukuoka_Maruyamazuka,Fukuoka_Maruyamazuka_9
40_2_1,exclude,Fukuoka\Fukuoka_Shimobaba,Fukuoka_Shimobaba_1
40_2_10,adopt,Fukuoka\Fukuoka_Shimobaba,Fukuoka_Shimobaba_10
40_2_11,adopt,Fukuoka\Fukuoka_Shimobaba,Fukuoka_Shimobaba_11
40_2_2,exclude,Fukuoka\Fukuoka_Shimobaba,Fukuoka_Shimobaba_2
40_2_4,exclude,Fukuoka\Fukuoka_Shimobaba,Fukuoka_Shimobaba_4
40_2_5,adopt,Fukuoka\Fukuoka_Shimobaba,Fukuoka_Shimobaba_5
40_2_6,adopt,Fukuoka\Fukuoka_Shimobaba,Fukuoka_Shimobaba_6
40_2_7,adopt,Fukuoka\Fukuoka_Shimobaba,Fukuoka_Shimobaba_7
40_2_8,adopt,Fukuoka\Fukuoka_Shimobaba,Fukuoka_Shimobaba_8
40_2_9,adopt,Fukuoka\Fukuoka_Shimobaba,Fukuoka_Shimobaba_9
40_30_1,exclude,Fukuoka\Fukuoka_Noriba,Fukuoka_Noriba_1
40_30_10,adopt,Fukuoka\Fukuoka_Noriba,Fukuoka_Noriba_10
40_30_11,adopt,Fukuoka\Fukuoka_Noriba,Fukuoka_Noriba_11
40_30_12,adopt,Fukuoka\Fukuoka_Noriba,Fukuoka_Noriba_12
40_30_13,adopt,Fukuoka\Fukuoka_Noriba,Fukuoka_Noriba_13
40_30_14,adopt,Fukuoka\Fukuoka_Noriba,Fukuoka_Noriba_14
40_30_15,adopt,Fukuoka\Fukuoka_Noriba,Fukuoka_Noriba_15
40_30_16,exclude,Fukuoka\Fukuoka_Noriba,Fukuoka_Noriba_16
40_30_17,exclude,Fukuoka\Fukuoka_Noriba,Fukuoka_Noriba_17
40_30_18,exclude,Fukuoka\Fukuoka_Noriba,Fukuoka_Noriba_18
40_30_19,exclude,Fukuoka\Fukuoka_Noriba,Fukuoka_Noriba_19
40_30_2,exclude,Fukuoka\Fukuoka_Noriba,Fukuoka_Noriba_2
40_30_3,exclude,Fukuoka\Fukuoka_Noriba,Fukuoka_Noriba_3
40_30_4,exclude,Fukuoka\Fukuoka_Noriba,Fukuoka_Noriba_4
40_30_5,adopt,Fukuoka\Fukuoka_Noriba,Fukuoka_Noriba_5
40_30_6,adopt,Fukuoka\Fukuoka_Noriba,Fukuoka_Noriba_6
40_30_7,adopt,Fukuoka\Fukuoka_Noriba,Fukuoka_Noriba_7
40_30_8,adopt,Fukuoka\Fukuoka_Noriba,Fukuoka_Noriba_8
40_30_9,adopt,Fukuoka\Fukuoka_Noriba,Fukuoka_Noriba_9
40_34_1,exclude,Fukuoka\Fukuoka_Haginoo,Fukuoka_Haginoo_1
40_34_10,adopt,Fukuoka\Fukuoka_Haginoo,Fukuoka_Haginoo_10
40_34_11,adopt,Fukuoka\Fukuoka_Haginoo,Fukuoka_Haginoo_11
40_34_12,adopt,Fukuoka\Fukuoka_Haginoo,Fukuoka_Haginoo_12
40_34_2,exclude,Fukuoka\Fukuoka_Haginoo,Fukuoka_Haginoo_2
40_34_3,exclude,Fukuoka\Fukuoka_Haginoo,Fukuoka_Haginoo_3
40_34_5,adopt,Fukuoka\Fukuoka_Haginoo,Fukuoka_Haginoo_5
40_34_6,adopt,Fukuoka\Fukuoka_Haginoo,Fukuoka_Haginoo_6
40_34_7,adopt,Fukuoka\Fukuoka_Haginoo,Fukuoka_Haginoo_7
40_34_8,adopt,Fukuoka\Fukuoka_Haginoo,Fukuoka_Haginoo_8
40_34_9,adopt,Fukuoka\Fukuoka_Haginoo,Fukuoka_Haginoo_9
40_35_2,exclude,Fukuoka\Fukuoka_Kuranaga,Fukuoka_Kuranaga_2
40_35_5,adopt,Fukuoka\Fukuoka_Kuranaga,Fukuoka_Kuranaga_5
40_35_6,adopt,Fukuoka\Fukuoka_Kuranaga,Fukuoka_Kuranaga_6
40_35_7,adopt,Fukuoka\Fukuoka_Kuranaga,Fukuoka_Kuranaga_7
40_36_10,adopt,Fukuoka\Fukuoka_Urayama,Fukuoka_Urayama_10
40_36_5,adopt,Fukuoka\Fukuoka_Urayama,Fukuoka_Urayama_5
40_36_6,adopt,Fukuoka\Fukuoka_Urayama,Fukuoka_Urayama_6
40_36_7,adopt,Fukuoka\Fukuoka_Urayama,Fukuoka_Urayama_7
40_36_8,adopt,Fukuoka\Fukuoka_Urayama,Fukuoka_Urayama_8
40_36_9,adopt,Fukuoka\Fukuoka_Urayama,Fukuoka_Urayama_9
40_37_1,exclude,Fukuoka\Fukuoka_Nichirinji,Fukuoka_Nichirinji_1
40_37_10,adopt,Fukuoka\Fukuoka_Nichirinji,Fukuoka_Nichirinji_10
40_37_11,exclude,Fukuoka\Fukuoka_Nichirinji,Fukuoka_Nichirinji_11
40_37_2,exclude,Fukuoka\Fukuoka_Nichirinji,Fukuoka_Nichirinji_2
40_37_3,exclude,Fukuoka\Fukuoka_Nichirinji,Fukuoka_Nichirinji_3
40_37_5,adopt,Fukuoka\Fukuoka_Nichirinji,Fukuoka_Nichirinji_5
40_37_6,adopt,Fukuoka\Fukuoka_Nichirinji,Fukuoka_Nichirinji_6
40_37_7,adopt,Fukuoka\Fukuoka_Nichirinji,Fukuoka_Nichirinji_7
40_37_8,adopt,Fukuoka\Fukuoka_Nichirinji,Fukuoka_Nichirinji_8
40_37_9,adopt,Fukuoka\Fukuoka_Nichirinji,Fukuoka_Nichirinji_9
40_3_5,adopt,Fukuoka\Fukuoka_Maehata,Fukuoka_Maehata_5
40_3_6,adopt,Fukuoka\Fukuoka_Maehata,Fukuoka_Maehata_6
40_3_7,adopt,Fukuoka\Fukuoka_Maehata,Fukuoka_Maehata_7
40_51_2,adopt,Fukuoka\Fukuoka_Kitsunezuka,Fukuoka_Kitsunezuka_2
40_51_4,exclude,Fukuoka\Fukuoka_Kitsunezuka,Fukuoka_Kitsunezuka_4
40_51_5,adopt,Fukuoka\Fukuoka_Kitsunezuka,Fukuoka_Kitsunezuka_5
40_51_6,exclude,Fukuoka\Fukuoka_Kitsunezuka,Fukuoka_Kitsunezuka_6
40_54_5,adopt,Fukuoka\Fukuoka_Tonosamazuka,Fukuoka_Tonosamazuka_5
40_54_6,adopt,Fukuoka\Fukuoka_Tonosamazuka,Fukuoka_Tonosamazuka_6
40_54_7,adopt,Fukuoka\Fukuoka_Tonosamazuka,Fukuoka_Tonosamazuka_7
40_54_8,adopt,Fukuoka\Fukuoka_Tonosamazuka,Fukuoka_Tonosamazuka_8
40_55_10,adopt,Fukuoka\Fukuoka_Tokoji_Tsurugizuka,Fukuoka_Tokoji_Tsurugizuka_10
40_55_5,adopt,Fukuoka\Fukuoka_Tokoji_Tsurugizuka,Fukuoka_Tokoji_Tsurugizuka_5
40_55_6,adopt,Fukuoka\Fukuoka_Tokoji_Tsurugizuka,Fukuoka_Tokoji_Tsurugizuka_6
40_55_7,adopt,Fukuoka\Fukuoka_Tokoji_Tsurugizuka,Fukuoka_Tokoji_Tsurugizuka_7
40_55_8,adopt,Fukuoka\Fukuoka_Tokoji_Tsurugizuka,Fukuoka_Tokoji_Tsurugizuka_8
40_55_9,adopt,Fukuoka\Fukuoka_Tokoji_Tsurugizuka,Fukuoka_Tokoji_Tsurugizuka_9
40_56_1,exclude,Fukuoka\Fukuoka_Sakurakyo_No2,Fukuoka_Sakurakyo_No2_1
40_56_2,exclude,Fukuoka\Fukuoka_Sakurakyo_No2,Fukuoka_Sakurakyo_No2_2
40_56_3,exclude,Fukuoka\Fukuoka_Sakurakyo_No2,Fukuoka_Sakurakyo_No2_3
40_56_5,adopt,Fukuoka\Fukuoka_Sakurakyo_No2,Fukuoka_Sakurakyo_No2_5
40_56_6,adopt,Fukuoka\Fukuoka_Sakurakyo_No2,Fukuoka_Sakurakyo_No2_6
40_56_7,adopt,Fukuoka\Fukuoka_Sakurakyo_No2,Fukuoka_Sakurakyo_No2_7
40_60_1,exclude,Fukuoka\Fukuoka_Habu_Rakan_Hyakketsu_No1,Fukuoka_Habu_Rakan_Hyakketsu_No1_1
40_60_10,exclude,Fukuoka\Fukuoka_Habu_Rakan_Hyakketsu_No1,Fukuoka_Habu_Rakan_Hyakketsu_No1_10
40_60_2,adopt,Fukuoka\Fukuoka_Habu_Rakan_Hyakketsu_No1,Fukuoka_Habu_Rakan_Hyakketsu_No1_2
40_60_3,exclude,Fukuoka\Fukuoka_Habu_Rakan_Hyakketsu_No1,Fukuoka_Habu_Rakan_Hyakketsu_No1_3
40_60_5,adopt,Fukuoka\Fukuoka_Habu_Rakan_Hyakketsu_No1,Fukuoka_Habu_Rakan_Hyakketsu_No1_5
40_60_6,adopt,Fukuoka\Fukuoka_Habu_Rakan_Hyakketsu_No1,Fukuoka_Habu_Rakan_Hyakketsu_No1_6
40_60_7,adopt,Fukuoka\Fukuoka_Habu_Rakan_Hyakketsu_No1,Fukuoka_Habu_Rakan_Hyakketsu_No1_7
40_60_8,adopt,Fukuoka\Fukuoka_Habu_Rakan_Hyakketsu_No1,Fukuoka_Habu_Rakan_Hyakketsu_No1_8
40_60_9,adopt,Fukuoka\Fukuoka_Habu_Rakan_Hyakketsu_No1,Fukuoka_Habu_Rakan_Hyakketsu_No1_9
40_62_1,exclude,Fukuoka\Fukuoka_Furutsuki,Fukuoka_Furutsuki_1
40_62_10,exclude,Fukuoka\Fukuoka_Furutsuki,Fukuoka_Furutsuki_10
40_62_11,exclude,Fukuoka\Fukuoka_Furutsuki,Fukuoka_Furutsuki_11
40_62_12,exclude,Fukuoka\Fukuoka_Furutsuki,Fukuoka_Furutsuki_12
40_62_13,exclude,Fukuoka\Fukuoka_Furutsuki,Fukuoka_Furutsuki_13
40_62_2,exclude,Fukuoka\Fukuoka_Furutsuki,Fukuoka_Furutsuki_2
40_62_3,exclude,Fukuoka\Fukuoka_Furutsuki,Fukuoka_Furutsuki_3
40_62_5,adopt,Fukuoka\Fukuoka_Furutsuki,Fukuoka_Furutsuki_5
40_62_6,adopt,Fukuoka\Fukuoka_Furutsuki,Fukuoka_Furutsuki_6
40_62_7,adopt,Fukuoka\Fukuoka_Furutsuki,Fukuoka_Furutsuki_7
40_62_8,exclude,Fukuoka\Fukuoka_Furutsuki,Fukuoka_Furutsuki_8
40_62_9,exclude,Fukuoka\Fukuoka_Furutsuki,Fukuoka_Furutsuki_9
40_63_1,exclude,Fukuoka\Fukuoka_Mizumachi,Fukuoka_Mizumachi_1
40_63_10,exclude,Fukuoka\Fukuoka_Mizumachi,Fukuoka_Mizumachi_10
40_63_11,exclude,Fukuoka\Fukuoka_Mizumachi,Fukuoka_Mizumachi_11
40_63_12,exclude,Fukuoka\Fukuoka_Mizumachi,Fukuoka_Mizumachi_12
40_63_13,exclude,Fukuoka\Fukuoka_Mizumachi,Fukuoka_Mizumachi_13
40_63_14,exclude,Fukuoka\Fukuoka_Mizumachi,Fukuoka_Mizumachi_14
40_63_15,exclude,Fukuoka\Fukuoka_Mizumachi,Fukuoka_Mizumachi_15
40_63_16,exclude,Fukuoka\Fukuoka_Mizumachi,Fukuoka_Mizumachi_16
40_63_17,exclude,Fukuoka\Fukuoka_Mizumachi,Fukuoka_Mizumachi_17
40_63_18,exclude,Fukuoka\Fukuoka_Mizumachi,Fukuoka_Mizumachi_18
40_63_19,exclude,Fukuoka\Fukuoka_Mizumachi,Fukuoka_Mizumachi_19
40_63_2,exclude,Fukuoka\Fukuoka_Mizumachi,Fukuoka_Mizumachi_2
40_63_20,exclude,Fukuoka\Fukuoka_Mizumachi,Fukuoka_Mizumachi_20
40_63_21,exclude,Fukuoka\Fukuoka_Mizumachi,Fukuoka_Mizumachi_21
40_63_22,exclude,Fukuoka\Fukuoka_Mizumachi,Fukuoka_Mizumachi_22
40_63_23,exclude,Fukuoka\Fukuoka_Mizumachi,Fukuoka_Mizumachi_23
40_63_3,exclude,Fukuoka\Fukuoka_Mizumachi,Fukuoka_Mizumachi_3
40_63_5,adopt,Fukuoka\Fukuoka_Mizumachi,Fukuoka_Mizumachi_5
40_63_6,adopt,Fukuoka\Fukuoka_Mizumachi,Fukuoka_Mizumachi_6
40_63_7,exclude,Fukuoka\Fukuoka_Mizumachi,Fukuoka_Mizumachi_7
40_63_8,exclude,Fukuoka\Fukuoka_Mizumachi,Fukuoka_Mizumachi_8
40_63_9,exclude,Fukuoka\Fukuoka_Mizumachi,Fukuoka_Mizumachi_9
40_66_1,exclude,Fukuoka\Fukuoka_Anagahayama,Fukuoka_Anagahayama_1
40_66_10,adopt,Fukuoka\Fukuoka_Anagahayama,Fukuoka_Anagahayama_10
40_66_11,adopt,Fukuoka\Fukuoka_Anagahayama,Fukuoka_Anagahayama_11
40_66_12,adopt,Fukuoka\Fukuoka_Anagahayama,Fukuoka_Anagahayama_12
40_66_13,exclude,Fukuoka\Fukuoka_Anagahayama,Fukuoka_Anagahayama_13
40_66_14,exclude,Fukuoka\Fukuoka_Anagahayama,Fukuoka_Anagahayama_14
40_66_15,exclude,Fukuoka\Fukuoka_Anagahayama,Fukuoka_Anagahayama_15
40_66_16,adopt,Fukuoka\Fukuoka_Anagahayama,Fukuoka_Anagahayama_16
40_66_2,exclude,Fukuoka\Fukuoka_Anagahayama,Fukuoka_Anagahayama_2
40_66_3,exclude,Fukuoka\Fukuoka_Anagahayama,Fukuoka_Anagahayama_3
40_66_5,adopt,Fukuoka\Fukuoka_Anagahayama,Fukuoka_Anagahayama_5
40_66_6,adopt,Fukuoka\Fukuoka_Anagahayama,Fukuoka_Anagahayama_6
40_66_7,adopt,Fukuoka\Fukuoka_Anagahayama,Fukuoka_Anagahayama_7
40_66_8,adopt,Fukuoka\Fukuoka_Anagahayama,Fukuoka_Anagahayama_8
40_66_9,adopt,Fukuoka\Fukuoka_Anagahayama,Fukuoka_Anagahayama_9
40_70_5,exclude,Fukuoka\Fukuoka_Yamada_No1,Fukuoka_Yamada_No1_5
40_70_6,exclude,Fukuoka\Fukuoka_Yamada_No1,Fukuoka_Yamada_No1_6
40_70_7,exclude,Fukuoka\Fukuoka_Yamada_No1,Fukuoka_Yamada_No1_7
40_70_8,adopt,Fukuoka\Fukuoka_Yamada_No1,Fukuoka_Yamada_No1_8
40_71_2,exclude,Fukuoka\Fukuoka_Hyakudomi,Fukuoka_Hyakudomi_2
40_71_5,exclude,Fukuoka\Fukuoka_Hyakudomi,Fukuoka_Hyakudomi_5
40_71_6,exclude,Fukuoka\Fukuoka_Hyakudomi,Fukuoka_Hyakudomi_6
40_7_1,exclude,Fukuoka\Fukuoka_Nakabaru_Kitsunezuka,Fukuoka_Nakabaru_Kitsunezuka_1
40_7_2,exclude,Fukuoka\Fukuoka_Nakabaru_Kitsunezuka,Fukuoka_Nakabaru_Kitsunezuka_2
40_7_3,exclude,Fukuoka\Fukuoka_Nakabaru_Kitsunezuka,Fukuoka_Nakabaru_Kitsunezuka_3
40_7_5,adopt,Fukuoka\Fukuoka_Nakabaru_Kitsunezuka,Fukuoka_Nakabaru_Kitsunezuka_5
40_7_6,adopt,Fukuoka\Fukuoka_Nakabaru_Kitsunezuka,Fukuoka_Nakabaru_Kitsunezuka_6
40_7_7,adopt,Fukuoka\Fukuoka_Nakabaru_Kitsunezuka,Fukuoka_Nakabaru_Kitsunezuka_7
40_7_8,exclude,Fukuoka\Fukuoka_Nakabaru_Kitsunezuka,Fukuoka_Nakabaru_Kitsunezuka_8
40_8_10,adopt,Fukuoka\Fukuoka_Nishinotate,Fukuoka_Nishinotate_10
40_8_5,adopt,Fukuoka\Fukuoka_Nishinotate,Fukuoka_Nishinotate_5
40_8_6,adopt,Fukuoka\Fukuoka_Nishinotate,Fukuoka_Nishinotate_6
40_8_7,adopt,Fukuoka\Fukuoka_Nishinotate,Fukuoka_Nishinotate_7
40_8_8,adopt,Fukuoka\Fukuoka_Nishinotate,Fukuoka_Nishinotate_8
40_8_9,adopt,Fukuoka\Fukuoka_Nishinotate,Fukuoka_Nishinotate_9
40_999_1,exclude,Fukuoka\Fukuoka_Marunokuchi,Fukuoka_Marunokuchi_1
40_999_10,exclude,Fukuoka\Fukuoka_Marunokuchi,Fukuoka_Marunokuchi_10
40_999_11,exclude,Fukuoka\Fukuoka_Marunokuchi,Fukuoka_Marunokuchi_11
40_999_12,exclude,Fukuoka\Fukuoka_Marunokuchi,Fukuoka_Marunokuchi_12
40_999_13,exclude,Fukuoka\Fukuoka_Marunokuchi,Fukuoka_Marunokuchi_13
40_999_14,exclude,Fukuoka\Fukuoka_Marunokuchi,Fukuoka_Marunokuchi_14
40_999_15,exclude,Fukuoka\Fukuoka_Marunokuchi,Fukuoka_Marunokuchi_15
40_999_16,exclude,Fukuoka\Fukuoka_Marunokuchi,Fukuoka_Marunokuchi_16
40_999_17,exclude,Fukuoka\Fukuoka_Marunokuchi,Fukuoka_Marunokuchi_17
40_999_2,exclude,Fukuoka\Fukuoka_Marunokuchi,Fukuoka_Marunokuchi_2
40_999_3,exclude,Fukuoka\Fukuoka_Marunokuchi,Fukuoka_Marunokuchi_3
40_999_5,adopt,Fukuoka\Fukuoka_Marunokuchi,Fukuoka_Marunokuchi_5
40_999_6,adopt,Fukuoka\Fukuoka_Marunokuchi,Fukuoka_Marunokuchi_6
40_999_7,adopt,Fukuoka\Fukuoka_Marunokuchi,Fukuoka_Marunokuchi_7
40_999_8,exclude,Fukuoka\Fukuoka_Marunokuchi,Fukuoka_Marunokuchi_8
40_999_9,exclude,Fukuoka\Fukuoka_Marunokuchi,Fukuoka_Marunokuchi_9
40_9_1,exclude,Fukuoka\Fukuoka_Jitoku,Fukuoka_Jitoku_1
40_9_10,adopt,Fukuoka\Fukuoka_Jitoku,Fukuoka_Jitoku_10
40_9_11,adopt,Fukuoka\Fukuoka_Jitoku,Fukuoka_Jitoku_11
40_9_12,adopt,Fukuoka\Fukuoka_Jitoku,Fukuoka_Jitoku_12
40_9_13,adopt,Fukuoka\Fukuoka_Jitoku,Fukuoka_Jitoku_13
40_9_14,exclude,Fukuoka\Fukuoka_Jitoku,Fukuoka_Jitoku_14
40_9_2,exclude,Fukuoka\Fukuoka_Jitoku,Fukuoka_Jitoku_2
40_9_3,exclude,Fukuoka\Fukuoka_Jitoku,Fukuoka_Jitoku_3
40_9_4,exclude,Fukuoka\Fukuoka_Jitoku,Fukuoka_Jitoku_4
40_9_5,adopt,Fukuoka\Fukuoka_Jitoku,Fukuoka_Jitoku_5
40_9_6,adopt,Fukuoka\Fukuoka_Jitoku,Fukuoka_Jitoku_6
40_9_7,adopt,Fukuoka\Fukuoka_Jitoku,Fukuoka_Jitoku_7
40_9_8,adopt,Fukuoka\Fukuoka_Jitoku,Fukuoka_Jitoku_8
40_9_9,adopt,Fukuoka\Fukuoka_Jitoku,Fukuoka_Jitoku_9
41_12_1,exclude,Saga\Saga_Kogayama_No1,Saga_Kogayama_No1_1
41_12_5,adopt,Saga\Saga_Kogayama_No1,Saga_Kogayama_No1_5
41_12_6,adopt,Saga\Saga_Kogayama_No1,Saga_Kogayama_No1_6
41_12_7,adopt,Saga\Saga_Kogayama_No1,Saga_Kogayama_No1_7
41_17_5,adopt,Saga\Saga_Tenzan_No1,Saga_Tenzan_No1_5
41_17_6,adopt,Saga\Saga_Tenzan_No1,Saga_Tenzan_No1_6
41_17_7,adopt,Saga\Saga_Tenzan_No1,Saga_Tenzan_No1_7
41_17_8,exclude,Saga\Saga_Tenzan_No1,Saga_Tenzan_No1_8
41_17_9,adopt,Saga\Saga_Tenzan_No1,Saga_Tenzan_No1_9
41_18_5,adopt,Saga\Saga_Nagaike,Saga_Nagaike_5
41_18_6,adopt,Saga\Saga_Nagaike,Saga_Nagaike_6
41_18_7,adopt,Saga\Saga_Nagaike,Saga_Nagaike_7
41_18_8,adopt,Saga\Saga_Nagaike,Saga_Nagaike_8
41_18_9,adopt,Saga\Saga_Nagaike,Saga_Nagaike_9
41_1_1,exclude,Saga\Saga_Tashiro_Ota,Saga_Tashiro_Ota_1
41_1_10,adopt,Saga\Saga_Tashiro_Ota,Saga_Tashiro_Ota_10
41_1_11,exclude,Saga\Saga_Tashiro_Ota,Saga_Tashiro_Ota_11
41_1_12,exclude,Saga\Saga_Tashiro_Ota,Saga_Tashiro_Ota_12
41_1_2,exclude,Saga\Saga_Tashiro_Ota,Saga_Tashiro_Ota_2
41_1_3,exclude,Saga\Saga_Tashiro_Ota,Saga_Tashiro_Ota_3
41_1_5,adopt,Saga\Saga_Tashiro_Ota,Saga_Tashiro_Ota_5
41_1_6,adopt,Saga\Saga_Tashiro_Ota,Saga_Tashiro_Ota_6
41_1_7,adopt,Saga\Saga_Tashiro_Ota,Saga_Tashiro_Ota_7
41_1_8,adopt,Saga\Saga_Tashiro_Ota,Saga_Tashiro_Ota_8
41_1_9,adopt,Saga\Saga_Tashiro_Ota,Saga_Tashiro_Ota_9
41_21_5,adopt,Saga\Saga_Imyoji,Saga_Imyoji_5
41_21_6,adopt,Saga\Saga_Imyoji,Saga_Imyoji_6
41_21_7,adopt,Saga\Saga_Imyoji,Saga_Imyoji_7
41_21_8,adopt,Saga\Saga_Imyoji,Saga_Imyoji_8
41_21_9,adopt,Saga\Saga_Imyoji,Saga_Imyoji_9
41_30_5,adopt,Saga\Saga_Ryuozaki_No6,Saga_Ryuozaki_No6_5
41_30_6,adopt,Saga\Saga_Ryuozaki_No6,Saga_Ryuozaki_No6_6
41_4_1,exclude,Saga\Saga_Isezuka,Saga_Isezuka_1
41_4_2,exclude,Saga\Saga_Isezuka,Saga_Isezuka_2
41_4_3,exclude,Saga\Saga_Isezuka,Saga_Isezuka_3
41_4_4,exclude,Saga\Saga_Isezuka,Saga_Isezuka_4
41_4_5,adopt,Saga\Saga_Isezuka,Saga_Isezuka_5
41_4_6,adopt,Saga\Saga_Isezuka,Saga_Isezuka_6
41_4_7,adopt,Saga\Saga_Isezuka,Saga_Isezuka_7
41_4_8,adopt,Saga\Saga_Isezuka,Saga_Isezuka_8
41_4_9,adopt,Saga\Saga_Isezuka,Saga_Isezuka_9
41_5_5,adopt,Saga\Saga_Nishibaru,Saga_Nishibaru_5
41_5_6,adopt,Saga\Saga_Nishibaru,Saga_Nishibaru_6
41_6_1,exclude,Saga\Saga_Nishiguma,Saga_Nishiguma_1
41_6_10,adopt,Saga\Saga_Nishiguma,Saga_Nishiguma_10
41_6_11,adopt,Saga\Saga_Nishiguma,Saga_Nishiguma_11
41_6_12,adopt,Saga\Saga_Nishiguma,Saga_Nishiguma_12
41_6_2,exclude,Saga\Saga_Nishiguma,Saga_Nishiguma_2
41_6_3,exclude,Saga\Saga_Nishiguma,Saga_Nishiguma_3
41_6_4,exclude,Saga\Saga_Nishiguma,Saga_Nishiguma_4
41_6_5,adopt,Saga\Saga_Nishiguma,Saga_Nishiguma_5
41_6_6,adopt,Saga\Saga_Nishiguma,Saga_Nishiguma_6
41_6_7,adopt,Saga\Saga_Nishiguma,Saga_Nishiguma_7
41_6_8,adopt,Saga\Saga_Nishiguma,Saga_Nishiguma_8
41_6_9,exclude,Saga\Saga_Nishiguma,Saga_Nishiguma_9
41_8_5,adopt,Saga\Saga_Komenokuma_No1,Saga_Komenokuma_No1_5
41_8_6,adopt,Saga\Saga_Komenokuma_No1,Saga_Komenokuma_No1_6
41_8_7,exclude,Saga\Saga_Komenokuma_No1,Saga_Komenokuma_No1_7
41_8_8,adopt,Saga\Saga_Komenokuma_No1,Saga_Komenokuma_No1_8
42_1_1,exclude,Nagasaki\Nagasaki_Nagato_Onizuka,Nagasaki_Nagato_Onizuka_1
42_1_10,exclude,Nagasaki\Nagasaki_Nagato_Onizuka,Nagasaki_Nagato_Onizuka_10
42_1_11,exclude,Nagasaki\Nagasaki_Nagato_Onizuka,Nagasaki_Nagato_Onizuka_11
42_1_12,adopt,Nagasaki\Nagasaki_Nagato_Onizuka,Nagasaki_Nagato_Onizuka_12
42_1_13,exclude,Nagasaki\Nagasaki_Nagato_Onizuka,Nagasaki_Nagato_Onizuka_13
42_1_2,exclude,Nagasaki\Nagasaki_Nagato_Onizuka,Nagasaki_Nagato_Onizuka_2
42_1_3,exclude,Nagasaki\Nagasaki_Nagato_Onizuka,Nagasaki_Nagato_Onizuka_3
42_1_5,adopt,Nagasaki\Nagasaki_Nagato_Onizuka,Nagasaki_Nagato_Onizuka_5
42_1_6,adopt,Nagasaki\Nagasaki_Nagato_Onizuka,Nagasaki_Nagato_Onizuka_6
42_1_7,adopt,Nagasaki\Nagasaki_Nagato_Onizuka,Nagasaki_Nagato_Onizuka_7
42_1_8,adopt,Nagasaki\Nagasaki_Nagato_Onizuka,Nagasaki_Nagato_Onizuka_8
42_1_9,exclude,Nagasaki\Nagasaki_Nagato_Onizuka,Nagasaki_Nagato_Onizuka_9
42_2_1,exclude,Nagasaki\Nagasaki_Maruo,Nagasaki_Maruo_1
42_2_2,exclude,Nagasaki\Nagasaki_Maruo,Nagasaki_Maruo_2
42_2_3,exclude,Nagasaki\Nagasaki_Maruo,Nagasaki_Maruo_3
42_2_5,adopt,Nagasaki\Nagasaki_Maruo,Nagasaki_Maruo_5
42_2_6,adopt,Nagasaki\Nagasaki_Maruo,Nagasaki_Maruo_6
42_2_7,exclude,Nagasaki\Nagasaki_Maruo,Nagasaki_Maruo_7
42_3_1,exclude,Nagasaki\Nagasaki_Zenjinsan,Nagasaki_Zenjinsan_1
42_3_2,exclude,Nagasaki\Nagasaki_Zenjinsan,Nagasaki_Zenjinsan_2
42_3_3,exclude,Nagasaki\Nagasaki_Zenjinsan,Nagasaki_Zenjinsan_3
42_3_5,exclude,Nagasaki\Nagasaki_Zenjinsan,Nagasaki_Zenjinsan_5
42_3_6,adopt,Nagasaki\Nagasaki_Zenjinsan,Nagasaki_Zenjinsan_6
42_3_7,adopt,Nagasaki\Nagasaki_Zenjinsan,Nagasaki_Zenjinsan_7
42_3_8,adopt,Nagasaki\Nagasaki_Zenjinsan,Nagasaki_Zenjinsan_8
42_4_2,exclude,Nagasaki\Nagasaki_Sugoroku,Nagasaki_Sugoroku_2
42_4_3,exclude,Nagasaki\Nagasaki_Sugoroku,Nagasaki_Sugoroku_3
42_4_5,adopt,Nagasaki\Nagasaki_Sugoroku,Nagasaki_Sugoroku_5
42_4_6,adopt,Nagasaki\Nagasaki_Sugoroku,Nagasaki_Sugoroku_6
42_4_7,adopt,Nagasaki\Nagasaki_Sugoroku,Nagasaki_Sugoroku_7
42_4_8,exclude,Nagasaki\Nagasaki_Sugoroku,Nagasaki_Sugoroku_8
42_4_9,exclude,Nagasaki\Nagasaki_Sugoroku,Nagasaki_Sugoroku_9
42_6_1,exclude,Nagasaki\Nagasaki_Oniyakubo,Nagasaki_Oniyakubo_1
42_6_2,exclude,Nagasaki\Nagasaki_Oniyakubo,Nagasaki_Oniyakubo_2
42_6_3,exclude,Nagasaki\Nagasaki_Oniyakubo,Nagasaki_Oniyakubo_3
42_6_5,adopt,Nagasaki\Nagasaki_Oniyakubo,Nagasaki_Oniyakubo_5
42_6_6,adopt,Nagasaki\Nagasaki_Oniyakubo,Nagasaki_Oniyakubo_6
42_6_7,adopt,Nagasaki\Nagasaki_Oniyakubo,Nagasaki_Oniyakubo_7
42_6_8,adopt,Nagasaki\Nagasaki_Oniyakubo,Nagasaki_Oniyakubo_8
42_6_9,exclude,Nagasaki\Nagasaki_Oniyakubo,Nagasaki_Oniyakubo_9
42_7_2,exclude,Nagasaki\Nagasaki_Hyakutagashira_No5,Nagasaki_Hyakutagashira_No5_2
42_7_5,adopt,Nagasaki\Nagasaki_Hyakutagashira_No5,Nagasaki_Hyakutagashira_No5_5
42_7_6,adopt,Nagasaki\Nagasaki_Hyakutagashira_No5,Nagasaki_Hyakutagashira_No5_6
42_7_7,adopt,Nagasaki\Nagasaki_Hyakutagashira_No5,Nagasaki_Hyakutagashira_No5_7
42_7_8,adopt,Nagasaki\Nagasaki_Hyakutagashira_No5,Nagasaki_Hyakutagashira_No5_8
42_7_9,adopt,Nagasaki\Nagasaki_Hyakutagashira_No5,Nagasaki_Hyakutagashira_No5_9
43_10_1,exclude,Kumamoto\Kumamoto_Eianji_Higashi,Kumamoto_Eianji_Higashi_1
43_10_2,exclude,Kumamoto\Kumamoto_Eianji_Higashi,Kumamoto_Eianji_Higashi_2
43_10_3,exclude,Kumamoto\Kumamoto_Eianji_Higashi,Kumamoto_Eianji_Higashi_3
43_10_4,exclude,Kumamoto\Kumamoto_Eianji_Higashi,Kumamoto_Eianji_Higashi_4
43_10_5,adopt,Kumamoto\Kumamoto_Eianji_Higashi,Kumamoto_Eianji_Higashi_5
43_10_6,adopt,Kumamoto\Kumamoto_Eianji_Higashi,Kumamoto_Eianji_Higashi_6
43_10_7,adopt,Kumamoto\Kumamoto_Eianji_Higashi,Kumamoto_Eianji_Higashi_7
43_10_8,adopt,Kumamoto\Kumamoto_Eianji_Higashi,Kumamoto_Eianji_Higashi_8
43_10_9,exclude,Kumamoto\Kumamoto_Eianji_Higashi,Kumamoto_Eianji_Higashi_9
43_117_2,exclude,Kumamoto\Kumamoto_Obusan,Kumamoto_Obusan_2
43_117_3,exclude,Kumamoto\Kumamoto_Obusan,Kumamoto_Obusan_3
43_117_4,exclude,Kumamoto\Kumamoto_Obusan,Kumamoto_Obusan_4
43_117_5,adopt,Kumamoto\Kumamoto_Obusan,Kumamoto_Obusan_5
43_117_6,exclude,Kumamoto\Kumamoto_Obusan,Kumamoto_Obusan_6
43_120_2,exclude,Kumamoto\Kumamoto_Obaru_Urata,Kumamoto_Obaru_Urata_2
43_120_4,exclude,Kumamoto\Kumamoto_Obaru_Urata,Kumamoto_Obaru_Urata_4
43_120_5,adopt,Kumamoto\Kumamoto_Obaru_Urata,Kumamoto_Obaru_Urata_5
43_120_6,adopt,Kumamoto\Kumamoto_Obaru_Urata,Kumamoto_Obaru_Urata_6
43_120_7,adopt,Kumamoto\Kumamoto_Obaru_Urata,Kumamoto_Obaru_Urata_7
43_120_8,adopt,Kumamoto\Kumamoto_Obaru_Urata,Kumamoto_Obaru_Urata_8
43_120_9,exclude,Kumamoto\Kumamoto_Obaru_Urata,Kumamoto_Obaru_Urata_9
43_12_1,exclude,Kumamoto\Kumamoto_Ishinuki_Anakannon,Kumamoto_Ishinuki_Anakannon_1
43_12_10,exclude,Kumamoto\Kumamoto_Ishinuki_Anakannon,Kumamoto_Ishinuki_Anakannon_10
43_12_2,exclude,Kumamoto\Kumamoto_Ishinuki_Anakannon,Kumamoto_Ishinuki_Anakannon_2
43_12_3,exclude,Kumamoto\Kumamoto_Ishinuki_Anakannon,Kumamoto_Ishinuki_Anakannon_3
43_12_4,exclude,Kumamoto\Kumamoto_Ishinuki_Anakannon,Kumamoto_Ishinuki_Anakannon_4
43_12_5,adopt,Kumamoto\Kumamoto_Ishinuki_Anakannon,Kumamoto_Ishinuki_Anakannon_5
43_12_6,adopt,Kumamoto\Kumamoto_Ishinuki_Anakannon,Kumamoto_Ishinuki_Anakannon_6
43_12_7,adopt,Kumamoto\Kumamoto_Ishinuki_Anakannon,Kumamoto_Ishinuki_Anakannon_7
43_12_8,exclude,Kumamoto\Kumamoto_Ishinuki_Anakannon,Kumamoto_Ishinuki_Anakannon_8
43_12_9,exclude,Kumamoto\Kumamoto_Ishinuki_Anakannon,Kumamoto_Ishinuki_Anakannon_9
43_153_1,exclude,Kumamoto\Kumamoto_Idera,Kumamoto_Idera_1
43_153_10,adopt,Kumamoto\Kumamoto_Idera,Kumamoto_Idera_10
43_153_11,exclude,Kumamoto\Kumamoto_Idera,Kumamoto_Idera_11
43_153_12,exclude,Kumamoto\Kumamoto_Idera,Kumamoto_Idera_12
43_153_2,exclude,Kumamoto\Kumamoto_Idera,Kumamoto_Idera_2
43_153_3,exclude,Kumamoto\Kumamoto_Idera,Kumamoto_Idera_3
43_153_4,exclude,Kumamoto\Kumamoto_Idera,Kumamoto_Idera_4
43_153_5,adopt,Kumamoto\Kumamoto_Idera,Kumamoto_Idera_5
43_153_6,adopt,Kumamoto\Kumamoto_Idera,Kumamoto_Idera_6
43_153_7,adopt,Kumamoto\Kumamoto_Idera,Kumamoto_Idera_7
43_153_8,adopt,Kumamoto\Kumamoto_Idera,Kumamoto_Idera_8
43_153_9,adopt,Kumamoto\Kumamoto_Idera,Kumamoto_Idera_9
43_171_1,exclude,Kumamoto\Kumamoto_Odara,Kumamoto_Odara_1
43_171_10,adopt,Kumamoto\Kumamoto_Odara,Kumamoto_Odara_10
43_171_11,adopt,Kumamoto\Kumamoto_Odara,Kumamoto_Odara_11
43_171_12,adopt,Kumamoto\Kumamoto_Odara,Kumamoto_Odara_12
43_171_13,adopt,Kumamoto\Kumamoto_Odara,Kumamoto_Odara_13
43_171_14,adopt,Kumamoto\Kumamoto_Odara,Kumamoto_Odara_14
43_171_15,adopt,Kumamoto\Kumamoto_Odara,Kumamoto_Odara_15
43_171_2,exclude,Kumamoto\Kumamoto_Odara,Kumamoto_Odara_2
43_171_3,exclude,Kumamoto\Kumamoto_Odara,Kumamoto_Odara_3
43_171_5,adopt,Kumamoto\Kumamoto_Odara,Kumamoto_Odara_5
43_171_6,adopt,Kumamoto\Kumamoto_Odara,Kumamoto_Odara_6
43_171_7,adopt,Kumamoto\Kumamoto_Odara,Kumamoto_Odara_7
43_171_8,adopt,Kumamoto\Kumamoto_Odara,Kumamoto_Odara_8
43_171_9,adopt,Kumamoto\Kumamoto_Odara,Kumamoto_Odara_9
43_173_5,exclude,Kumamoto\Kumamoto_Hiroura,Kumamoto_Hiroura_5
43_189_5,adopt,Kumamoto\Kumamoto_Tanokawachi_No1,Kumamoto_Tanokawachi_No1_5
43_189_6,adopt,Kumamoto\Kumamoto_Tanokawachi_No1,Kumamoto_Tanokawachi_No1_6
43_21_1,exclude,Kumamoto\Kumamoto_Ishinuki_Nagino,Kumamoto_Ishinuki_Nagino_1
43_21_10,adopt,Kumamoto\Kumamoto_Ishinuki_Nagino,Kumamoto_Ishinuki_Nagino_10
43_21_11,adopt,Kumamoto\Kumamoto_Ishinuki_Nagino,Kumamoto_Ishinuki_Nagino_11
43_21_12,adopt,Kumamoto\Kumamoto_Ishinuki_Nagino,Kumamoto_Ishinuki_Nagino_12
43_21_13,adopt,Kumamoto\Kumamoto_Ishinuki_Nagino,Kumamoto_Ishinuki_Nagino_13
43_21_14,adopt,Kumamoto\Kumamoto_Ishinuki_Nagino,Kumamoto_Ishinuki_Nagino_14
43_21_15,adopt,Kumamoto\Kumamoto_Ishinuki_Nagino,Kumamoto_Ishinuki_Nagino_15
43_21_16,adopt,Kumamoto\Kumamoto_Ishinuki_Nagino,Kumamoto_Ishinuki_Nagino_16
43_21_17,exclude,Kumamoto\Kumamoto_Ishinuki_Nagino,Kumamoto_Ishinuki_Nagino_17
43_21_18,exclude,Kumamoto\Kumamoto_Ishinuki_Nagino,Kumamoto_Ishinuki_Nagino_18
43_21_19,exclude,Kumamoto\Kumamoto_Ishinuki_Nagino,Kumamoto_Ishinuki_Nagino_19
43_21_2,exclude,Kumamoto\Kumamoto_Ishinuki_Nagino,Kumamoto_Ishinuki_Nagino_2
43_21_20,exclude,Kumamoto\Kumamoto_Ishinuki_Nagino,Kumamoto_Ishinuki_Nagino_20
43_21_21,exclude,Kumamoto\Kumamoto_Ishinuki_Nagino,Kumamoto_Ishinuki_Nagino_21
43_21_3,exclude,Kumamoto\Kumamoto_Ishinuki_Nagino,Kumamoto_Ishinuki_Nagino_3
43_21_4,exclude,Kumamoto\Kumamoto_Ishinuki_Nagino,Kumamoto_Ishinuki_Nagino_4
43_21_5,adopt,Kumamoto\Kumamoto_Ishinuki_Nagino,Kumamoto_Ishinuki_Nagino_5
43_21_6,adopt,Kumamoto\Kumamoto_Ishinuki_Nagino,Kumamoto_Ishinuki_Nagino_6
43_21_7,adopt,Kumamoto\Kumamoto_Ishinuki_Nagino,Kumamoto_Ishinuki_Nagino_7
43_21_8,adopt,Kumamoto\Kumamoto_Ishinuki_Nagino,Kumamoto_Ishinuki_Nagino_8
43_21_9,adopt,Kumamoto\Kumamoto_Ishinuki_Nagino,Kumamoto_Ishinuki_Nagino_9
43_32_4,exclude,Kumamoto\Kumamoto_Usuzuka,Kumamoto_Usuzuka_4
43_32_5,adopt,Kumamoto\Kumamoto_Usuzuka,Kumamoto_Usuzuka_5
43_33_1,exclude,Kumamoto\Kumamoto_Chibusan,Kumamoto_Chibusan_1
43_33_10,exclude,Kumamoto\Kumamoto_Chibusan,Kumamoto_Chibusan_10
43_33_11,exclude,Kumamoto\Kumamoto_Chibusan,Kumamoto_Chibusan_11
43_33_12,exclude,Kumamoto\Kumamoto_Chibusan,Kumamoto_Chibusan_12
43_33_13,exclude,Kumamoto\Kumamoto_Chibusan,Kumamoto_Chibusan_13
43_33_2,exclude,Kumamoto\Kumamoto_Chibusan,Kumamoto_Chibusan_2
43_33_3,exclude,Kumamoto\Kumamoto_Chibusan,Kumamoto_Chibusan_3
43_33_4,exclude,Kumamoto\Kumamoto_Chibusan,Kumamoto_Chibusan_4
43_33_5,adopt,Kumamoto\Kumamoto_Chibusan,Kumamoto_Chibusan_5
43_33_6,adopt,Kumamoto\Kumamoto_Chibusan,Kumamoto_Chibusan_6
43_33_7,adopt,Kumamoto\Kumamoto_Chibusan,Kumamoto_Chibusan_7
43_33_8,exclude,Kumamoto\Kumamoto_Chibusan,Kumamoto_Chibusan_8
43_33_9,exclude,Kumamoto\Kumamoto_Chibusan,Kumamoto_Chibusan_9
43_34_4,exclude,Kumamoto\Kumamoto_Umazuka,Kumamoto_Umazuka_4
43_34_5,adopt,Kumamoto\Kumamoto_Umazuka,Kumamoto_Umazuka_5
43_34_6,adopt,Kumamoto\Kumamoto_Umazuka,Kumamoto_Umazuka_6
43_35_1,exclude,Kumamoto\Kumamoto_Benkeigaana,Kumamoto_Benkeigaana_1
43_35_10,exclude,Kumamoto\Kumamoto_Benkeigaana,Kumamoto_Benkeigaana_10
43_35_11,exclude,Kumamoto\Kumamoto_Benkeigaana,Kumamoto_Benkeigaana_11
43_35_12,exclude,Kumamoto\Kumamoto_Benkeigaana,Kumamoto_Benkeigaana_12
43_35_2,exclude,Kumamoto\Kumamoto_Benkeigaana,Kumamoto_Benkeigaana_2
43_35_3,exclude,Kumamoto\Kumamoto_Benkeigaana,Kumamoto_Benkeigaana_3
43_35_4,exclude,Kumamoto\Kumamoto_Benkeigaana,Kumamoto_Benkeigaana_4
43_35_5,adopt,Kumamoto\Kumamoto_Benkeigaana,Kumamoto_Benkeigaana_5
43_35_6,adopt,Kumamoto\Kumamoto_Benkeigaana,Kumamoto_Benkeigaana_6
43_35_7,adopt,Kumamoto\Kumamoto_Benkeigaana,Kumamoto_Benkeigaana_7
43_35_8,adopt,Kumamoto\Kumamoto_Benkeigaana,Kumamoto_Benkeigaana_8
43_35_9,adopt,Kumamoto\Kumamoto_Benkeigaana,Kumamoto_Benkeigaana_9
43_45_10,adopt,Kumamoto\Kumamoto_Nagaiwa,Kumamoto_Nagaiwa_10
43_45_11,adopt,Kumamoto\Kumamoto_Nagaiwa,Kumamoto_Nagaiwa_11
43_45_12,adopt,Kumamoto\Kumamoto_Nagaiwa,Kumamoto_Nagaiwa_12
43_45_13,adopt,Kumamoto\Kumamoto_Nagaiwa,Kumamoto_Nagaiwa_13
43_45_14,adopt,Kumamoto\Kumamoto_Nagaiwa,Kumamoto_Nagaiwa_14
43_45_15,adopt,Kumamoto\Kumamoto_Nagaiwa,Kumamoto_Nagaiwa_15
43_45_16,exclude,Kumamoto\Kumamoto_Nagaiwa,Kumamoto_Nagaiwa_16
43_45_17,exclude,Kumamoto\Kumamoto_Nagaiwa,Kumamoto_Nagaiwa_17
43_45_2,exclude,Kumamoto\Kumamoto_Nagaiwa,Kumamoto_Nagaiwa_2
43_45_3,exclude,Kumamoto\Kumamoto_Nagaiwa,Kumamoto_Nagaiwa_3
43_45_4,exclude,Kumamoto\Kumamoto_Nagaiwa,Kumamoto_Nagaiwa_4
43_45_5,adopt,Kumamoto\Kumamoto_Nagaiwa,Kumamoto_Nagaiwa_5
43_45_6,exclude,Kumamoto\Kumamoto_Nagaiwa,Kumamoto_Nagaiwa_6
43_45_7,adopt,Kumamoto\Kumamoto_Nagaiwa,Kumamoto_Nagaiwa_7
43_45_8,adopt,Kumamoto\Kumamoto_Nagaiwa,Kumamoto_Nagaiwa_8
43_45_9,adopt,Kumamoto\Kumamoto_Nagaiwa,Kumamoto_Nagaiwa_9
43_54_1,exclude,Kumamoto\Kumamoto_Nabeta,Kumamoto_Nabeta_1
43_54_10,exclude,Kumamoto\Kumamoto_Nabeta,Kumamoto_Nabeta_10
43_54_2,exclude,Kumamoto\Kumamoto_Nabeta,Kumamoto_Nabeta_2
43_54_3,exclude,Kumamoto\Kumamoto_Nabeta,Kumamoto_Nabeta_3
43_54_4,exclude,Kumamoto\Kumamoto_Nabeta,Kumamoto_Nabeta_4
43_54_5,adopt,Kumamoto\Kumamoto_Nabeta,Kumamoto_Nabeta_5
43_54_6,adopt,Kumamoto\Kumamoto_Nabeta,Kumamoto_Nabeta_6
43_54_7,adopt,Kumamoto\Kumamoto_Nabeta,Kumamoto_Nabeta_7
43_54_8,adopt,Kumamoto\Kumamoto_Nabeta,Kumamoto_Nabeta_8
43_54_9,exclude,Kumamoto\Kumamoto_Nabeta,Kumamoto_Nabeta_9
43_62_4,exclude,Kumamoto\Kumamoto_Tsukejiro,Kumamoto_Tsukejiro_4
43_62_5,adopt,Kumamoto\Kumamoto_Tsukejiro,Kumamoto_Tsukejiro_5
43_62_6,adopt,Kumamoto\Kumamoto_Tsukejiro,Kumamoto_Tsukejiro_6
43_62_7,adopt,Kumamoto\Kumamoto_Tsukejiro,Kumamoto_Tsukejiro_7
43_67_2,exclude,Kumamoto\Kumamoto_Iwabaru,Kumamoto_Iwabaru_2
43_67_4,exclude,Kumamoto\Kumamoto_Iwabaru,Kumamoto_Iwabaru_4
43_67_5,adopt,Kumamoto\Kumamoto_Iwabaru,Kumamoto_Iwabaru_5
43_78_5,adopt,Kumamoto\Kumamoto_Goryozuka,Kumamoto_Goryozuka_5
43_78_6,adopt,Kumamoto\Kumamoto_Goryozuka,Kumamoto_Goryozuka_6
43_80_1,exclude,Kumamoto\Kumamoto_Kamao,Kumamoto_Kamao_1
43_80_10,adopt,Kumamoto\Kumamoto_Kamao,Kumamoto_Kamao_10
43_80_11,exclude,Kumamoto\Kumamoto_Kamao,Kumamoto_Kamao_11
43_80_2,exclude,Kumamoto\Kumamoto_Kamao,Kumamoto_Kamao_2
43_80_3,exclude,Kumamoto\Kumamoto_Kamao,Kumamoto_Kamao_3
43_80_4,exclude,Kumamoto\Kumamoto_Kamao,Kumamoto_Kamao_4
43_80_5,adopt,Kumamoto\Kumamoto_Kamao,Kumamoto_Kamao_5
43_80_6,adopt,Kumamoto\Kumamoto_Kamao,Kumamoto_Kamao_6
43_80_7,adopt,Kumamoto\Kumamoto_Kamao,Kumamoto_Kamao_7
43_80_8,adopt,Kumamoto\Kumamoto_Kamao,Kumamoto_Kamao_8
43_80_9,adopt,Kumamoto\Kumamoto_Kamao,Kumamoto_Kamao_9
43_83_1,exclude,Kumamoto\Kumamoto_Segonkou_No1,Kumamoto_Segonkou_No1_1
43_83_10,exclude,Kumamoto\Kumamoto_Segonkou_No1,Kumamoto_Segonkou_No1_10
43_83_11,adopt,Kumamoto\Kumamoto_Segonkou_No1,Kumamoto_Segonkou_No1_11
43_83_12,exclude,Kumamoto\Kumamoto_Segonkou_No1,Kumamoto_Segonkou_No1_12
43_83_2,exclude,Kumamoto\Kumamoto_Segonkou_No1,Kumamoto_Segonkou_No1_2
43_83_3,exclude,Kumamoto\Kumamoto_Segonkou_No1,Kumamoto_Segonkou_No1_3
43_83_4,exclude,Kumamoto\Kumamoto_Segonkou_No1,Kumamoto_Segonkou_No1_4
43_83_5,adopt,Kumamoto\Kumamoto_Segonkou_No1,Kumamoto_Segonkou_No1_5
43_83_6,adopt,Kumamoto\Kumamoto_Segonkou_No1,Kumamoto_Segonkou_No1_6
43_83_7,adopt,Kumamoto\Kumamoto_Segonkou_No1,Kumamoto_Segonkou_No1_7
43_83_8,adopt,Kumamoto\Kumamoto_Segonkou_No1,Kumamoto_Segonkou_No1_8
43_83_9,adopt,Kumamoto\Kumamoto_Segonkou_No1,Kumamoto_Segonkou_No1_9
43_84_2,exclude,Kumamoto\Kumamoto_Nakagori,Kumamoto_Nakagori_2
43_84_3,exclude,Kumamoto\Kumamoto_Nakagori,Kumamoto_Nakagori_3
43_84_5,adopt,Kumamoto\Kumamoto_Nakagori,Kumamoto_Nakagori_5
43_85_2,exclude,Kumamoto\Kumamoto_Imajo_Otsuka,Kumamoto_Imajo_Otsuka_2
43_85_3,exclude,Kumamoto\Kumamoto_Imajo_Otsuka,Kumamoto_Imajo_Otsuka_3
43_85_5,adopt,Kumamoto\Kumamoto_Imajo_Otsuka,Kumamoto_Imajo_Otsuka_5
43_85_6,adopt,Kumamoto\Kumamoto_Imajo_Otsuka,Kumamoto_Imajo_Otsuka_6
43_85_7,adopt,Kumamoto\Kumamoto_Imajo_Otsuka,Kumamoto_Imajo_Otsuka_7
43_88_1,exclude,Kumamoto\Kumamoto_Omura,Kumamoto_Omura_1
43_88_10,adopt,Kumamoto\Kumamoto_Omura,Kumamoto_Omura_10
43_88_11,adopt,Kumamoto\Kumamoto_Omura,Kumamoto_Omura_11
43_88_12,exclude,Kumamoto\Kumamoto_Omura,Kumamoto_Omura_12
43_88_13,adopt,Kumamoto\Kumamoto_Omura,Kumamoto_Omura_13
43_88_14,adopt,Kumamoto\Kumamoto_Omura,Kumamoto_Omura_14
43_88_15,adopt,Kumamoto\Kumamoto_Omura,Kumamoto_Omura_15
43_88_16,exclude,Kumamoto\Kumamoto_Omura,Kumamoto_Omura_16
43_88_17,exclude,Kumamoto\Kumamoto_Omura,Kumamoto_Omura_17
43_88_18,exclude,Kumamoto\Kumamoto_Omura,Kumamoto_Omura_18
43_88_2,exclude,Kumamoto\Kumamoto_Omura,Kumamoto_Omura_2
43_88_3,exclude,Kumamoto\Kumamoto_Omura,Kumamoto_Omura_3
43_88_5,adopt,Kumamoto\Kumamoto_Omura,Kumamoto_Omura_5
43_88_6,adopt,Kumamoto\Kumamoto_Omura,Kumamoto_Omura_6
43_88_7,adopt,Kumamoto\Kumamoto_Omura,Kumamoto_Omura_7
43_88_8,exclude,Kumamoto\Kumamoto_Omura,Kumamoto_Omura_8
43_88_9,adopt,Kumamoto\Kumamoto_Omura,Kumamoto_Omura_9
43_95_1,exclude,Kumamoto\Kumamoto_Kyogamine_No1,Kumamoto_Kyogamine_No1_1
43_95_2,exclude,Kumamoto\Kumamoto_Kyogamine_No1,Kumamoto_Kyogamine_No1_2
43_95_3,exclude,Kumamoto\Kumamoto_Kyogamine_No1,Kumamoto_Kyogamine_No1_3
43_95_5,adopt,Kumamoto\Kumamoto_Kyogamine_No1,Kumamoto_Kyogamine_No1_5
43_95_6,adopt,Kumamoto\Kumamoto_Kyogamine_No1,Kumamoto_Kyogamine_No1_6
43_95_7,adopt,Kumamoto\Kumamoto_Kyogamine_No1,Kumamoto_Kyogamine_No1_7
43_95_8,adopt,Kumamoto\Kumamoto_Kyogamine_No1,Kumamoto_Kyogamine_No1_8
43_95_9,adopt,Kumamoto\Kumamoto_Kyogamine_No1,Kumamoto_Kyogamine_No1_9
43_98_1,exclude,Kumamoto\Kumamoto_Eta_Anakannon,Kumamoto_Eta_Anakannon_1
43_98_2,exclude,Kumamoto\Kumamoto_Eta_Anakannon,Kumamoto_Eta_Anakannon_2
43_98_3,exclude,Kumamoto\Kumamoto_Eta_Anakannon,Kumamoto_Eta_Anakannon_3
43_98_4,exclude,Kumamoto\Kumamoto_Eta_Anakannon,Kumamoto_Eta_Anakannon_4
43_98_5,adopt,Kumamoto\Kumamoto_Eta_Anakannon,Kumamoto_Eta_Anakannon_5
43_98_6,exclude,Kumamoto\Kumamoto_Eta_Anakannon,Kumamoto_Eta_Anakannon_6
43_9_1,exclude,Kumamoto\Kumamoto_Daibo,Kumamoto_Daibo_1
43_9_2,exclude,Kumamoto\Kumamoto_Daibo,Kumamoto_Daibo_2
43_9_3,exclude,Kumamoto\Kumamoto_Daibo,Kumamoto_Daibo_3
43_9_4,exclude,Kumamoto\Kumamoto_Daibo,Kumamoto_Daibo_4
43_9_5,adopt,Kumamoto\Kumamoto_Daibo,Kumamoto_Daibo_5
43_9_6,adopt,Kumamoto\Kumamoto_Daibo,Kumamoto_Daibo_6
43_9_7,adopt,Kumamoto\Kumamoto_Daibo,Kumamoto_Daibo_7
44_10_1,exclude,Oita\Oita_Ananse,Oita_Ananse_1
44_10_10,exclude,Oita\Oita_Ananse,Oita_Ananse_10
44_10_2,exclude,Oita\Oita_Ananse,Oita_Ananse_2
44_10_3,exclude,Oita\Oita_Ananse,Oita_Ananse_3
44_10_5,adopt,Oita\Oita_Ananse,Oita_Ananse_5
44_10_6,adopt,Oita\Oita_Ananse,Oita_Ananse_6
44_10_7,adopt,Oita\Oita_Ananse,Oita_Ananse_7
44_10_8,exclude,Oita\Oita_Ananse,Oita_Ananse_8
44_10_9,exclude,Oita\Oita_Ananse,Oita_Ananse_9
44_11_10,exclude,Oita\Oita_Onigajo,Oita_Onigajo_10
44_11_2,exclude,Oita\Oita_Onigajo,Oita_Onigajo_2
44_11_3,exclude,Oita\Oita_Onigajo,Oita_Onigajo_3
44_11_5,adopt,Oita\Oita_Onigajo,Oita_Onigajo_5
44_11_6,adopt,Oita\Oita_Onigajo,Oita_Onigajo_6
44_11_7,adopt,Oita\Oita_Onigajo,Oita_Onigajo_7
44_11_8,adopt,Oita\Oita_Onigajo,Oita_Onigajo_8
44_11_9,exclude,Oita\Oita_Onigajo,Oita_Onigajo_9
44_12_5,adopt,Oita\Oita_Oninoiwaya_No1,Oita_Oninoiwaya_No1_5
44_12_6,adopt,Oita\Oita_Oninoiwaya_No1,Oita_Oninoiwaya_No1_6
44_12_7,adopt,Oita\Oita_Oninoiwaya_No1,Oita_Oninoiwaya_No1_7
44_13_1,exclude,Oita\Oita_Oninoiwaya_No2,Oita_Oninoiwaya_No2_1
44_13_2,exclude,Oita\Oita_Oninoiwaya_No2,Oita_Oninoiwaya_No2_2
44_13_3,exclude,Oita\Oita_Oninoiwaya_No2,Oita_Oninoiwaya_No2_3
44_13_5,adopt,Oita\Oita_Oninoiwaya_No2,Oita_Oninoiwaya_No2_5
44_13_6,adopt,Oita\Oita_Oninoiwaya_No2,Oita_Oninoiwaya_No2_6
44_14_1,exclude,Oita\Oita_Chiyomaru,Oita_Chiyomaru_1
44_14_10,adopt,Oita\Oita_Chiyomaru,Oita_Chiyomaru_10
44_14_11,exclude,Oita\Oita_Chiyomaru,Oita_Chiyomaru_11
44_14_12,adopt,Oita\Oita_Chiyomaru,Oita_Chiyomaru_12
44_14_13,adopt,Oita\Oita_Chiyomaru,Oita_Chiyomaru_13
44_14_14,exclude,Oita\Oita_Chiyomaru,Oita_Chiyomaru_14
44_14_2,exclude,Oita\Oita_Chiyomaru,Oita_Chiyomaru_2
44_14_3,exclude,Oita\Oita_Chiyomaru,Oita_Chiyomaru_3
44_14_5,adopt,Oita\Oita_Chiyomaru,Oita_Chiyomaru_5
44_14_6,adopt,Oita\Oita_Chiyomaru,Oita_Chiyomaru_6
44_14_7,adopt,Oita\Oita_Chiyomaru,Oita_Chiyomaru_7
44_14_8,adopt,Oita\Oita_Chiyomaru,Oita_Chiyomaru_8
44_14_9,adopt,Oita\Oita_Chiyomaru,Oita_Chiyomaru_9
44_15_1,exclude,Oita\Oita_Imi_Onizuka,Oita_Imi_Onizuka_1
44_15_10,adopt,Oita\Oita_Imi_Onizuka,Oita_Imi_Onizuka_10
44_15_11,exclude,Oita\Oita_Imi_Onizuka,Oita_Imi_Onizuka_11
44_15_2,exclude,Oita\Oita_Imi_Onizuka,Oita_Imi_Onizuka_2
44_15_3,exclude,Oita\Oita_Imi_Onizuka,Oita_Imi_Onizuka_3
44_15_5,adopt,Oita\Oita_Imi_Onizuka,Oita_Imi_Onizuka_5
44_15_6,adopt,Oita\Oita_Imi_Onizuka,Oita_Imi_Onizuka_6
44_15_7,adopt,Oita\Oita_Imi_Onizuka,Oita_Imi_Onizuka_7
44_15_8,adopt,Oita\Oita_Imi_Onizuka,Oita_Imi_Onizuka_8
44_15_9,adopt,Oita\Oita_Imi_Onizuka,Oita_Imi_Onizuka_9
44_16_1,exclude,Oita\Oita_Yokkaichi,Oita_Yokkaichi_1
44_16_10,adopt,Oita\Oita_Yokkaichi,Oita_Yokkaichi_10
44_16_11,exclude,Oita\Oita_Yokkaichi,Oita_Yokkaichi_11
44_16_12,exclude,Oita\Oita_Yokkaichi,Oita_Yokkaichi_12
44_16_13,exclude,Oita\Oita_Yokkaichi,Oita_Yokkaichi_13
44_16_2,exclude,Oita\Oita_Yokkaichi,Oita_Yokkaichi_2
44_16_3,exclude,Oita\Oita_Yokkaichi,Oita_Yokkaichi_3
44_16_4,exclude,Oita\Oita_Yokkaichi,Oita_Yokkaichi_4
44_16_5,adopt,Oita\Oita_Yokkaichi,Oita_Yokkaichi_5
44_16_6,adopt,Oita\Oita_Yokkaichi,Oita_Yokkaichi_6
44_16_7,adopt,Oita\Oita_Yokkaichi,Oita_Yokkaichi_7
44_16_8,adopt,Oita\Oita_Yokkaichi,Oita_Yokkaichi_8
44_16_9,adopt,Oita\Oita_Yokkaichi,Oita_Yokkaichi_9
44_17_2,exclude,Oita\Oita_Kifunebirashita_nourayama,Oita_Kifunebirashita_nourayama_2
44_17_5,adopt,Oita\Oita_Kifunebirashita_nourayama,Oita_Kifunebirashita_nourayama_5
44_17_6,adopt,Oita\Oita_Kifunebirashita_nourayama,Oita_Kifunebirashita_nourayama_6
44_17_7,adopt,Oita\Oita_Kifunebirashita_nourayama,Oita_Kifunebirashita_nourayama_7
44_17_8,adopt,Oita\Oita_Kifunebirashita_nourayama,Oita_Kifunebirashita_nourayama_8
44_17_9,exclude,Oita\Oita_Kifunebirashita_nourayama,Oita_Kifunebirashita_nourayama_9
44_1_1,exclude,Oita\Oita_Hita_Anakannon,Oita_Hita_Anakannon_1
44_1_10,adopt,Oita\Oita_Hita_Anakannon,Oita_Hita_Anakannon_10
44_1_11,adopt,Oita\Oita_Hita_Anakannon,Oita_Hita_Anakannon_11
44_1_12,adopt,Oita\Oita_Hita_Anakannon,Oita_Hita_Anakannon_12
44_1_13,adopt,Oita\Oita_Hita_Anakannon,Oita_Hita_Anakannon_13
44_1_2,exclude,Oita\Oita_Hita_Anakannon,Oita_Hita_Anakannon_2
44_1_3,exclude,Oita\Oita_Hita_Anakannon,Oita_Hita_Anakannon_3
44_1_5,adopt,Oita\Oita_Hita_Anakannon,Oita_Hita_Anakannon_5
44_1_6,adopt,Oita\Oita_Hita_Anakannon,Oita_Hita_Anakannon_6
44_1_7,adopt,Oita\Oita_Hita_Anakannon,Oita_Hita_Anakannon_7
44_1_8,adopt,Oita\Oita_Hita_Anakannon,Oita_Hita_Anakannon_8
44_1_9,adopt,Oita\Oita_Hita_Anakannon,Oita_Hita_Anakannon_9
44_2_10,adopt,Oita\Oita_Hoonji_No3,Oita_Hoonji_No3_10
44_2_11,adopt,Oita\Oita_Hoonji_No3,Oita_Hoonji_No3_11
44_2_12,adopt,Oita\Oita_Hoonji_No3,Oita_Hoonji_No3_12
44_2_13,adopt,Oita\Oita_Hoonji_No3,Oita_Hoonji_No3_13
44_2_14,exclude,Oita\Oita_Hoonji_No3,Oita_Hoonji_No3_14
44_2_2,exclude,Oita\Oita_Hoonji_No3,Oita_Hoonji_No3_2
44_2_3,exclude,Oita\Oita_Hoonji_No3,Oita_Hoonji_No3_3
44_2_5,adopt,Oita\Oita_Hoonji_No3,Oita_Hoonji_No3_5
44_2_6,adopt,Oita\Oita_Hoonji_No3,Oita_Hoonji_No3_6
44_2_7,adopt,Oita\Oita_Hoonji_No3,Oita_Hoonji_No3_7
44_2_8,adopt,Oita\Oita_Hoonji_No3,Oita_Hoonji_No3_8
44_2_9,adopt,Oita\Oita_Hoonji_No3,Oita_Hoonji_No3_9
44_3_1,exclude,Oita\Oita_Garandoya_No1,Oita_Garandoya_No1_1
44_3_10,adopt,Oita\Oita_Garandoya_No1,Oita_Garandoya_No1_10
44_3_2,exclude,Oita\Oita_Garandoya_No1,Oita_Garandoya_No1_2
44_3_3,exclude,Oita\Oita_Garandoya_No1,Oita_Garandoya_No1_3
44_3_5,adopt,Oita\Oita_Garandoya_No1,Oita_Garandoya_No1_5
44_3_6,adopt,Oita\Oita_Garandoya_No1,Oita_Garandoya_No1_6
44_3_7,adopt,Oita\Oita_Garandoya_No1,Oita_Garandoya_No1_7
44_3_8,adopt,Oita\Oita_Garandoya_No1,Oita_Garandoya_No1_8
44_3_9,adopt,Oita\Oita_Garandoya_No1,Oita_Garandoya_No1_9
44_4_1,exclude,Oita\Oita_Garandoya_No2,Oita_Garandoya_No2_1
44_4_2,exclude,Oita\Oita_Garandoya_No2,Oita_Garandoya_No2_2
44_4_3,exclude,Oita\Oita_Garandoya_No2,Oita_Garandoya_No2_3
44_4_5,adopt,Oita\Oita_Garandoya_No2,Oita_Garandoya_No2_5
44_4_6,adopt,Oita\Oita_Garandoya_No2,Oita_Garandoya_No2_6
44_5_1,exclude,Oita\Oita_Onizuka,Oita_Onizuka_1
44_5_10,adopt,Oita\Oita_Onizuka,Oita_Onizuka_10
44_5_11,adopt,Oita\Oita_Onizuka,Oita_Onizuka_11
44_5_12,adopt,Oita\Oita_Onizuka,Oita_Onizuka_12
44_5_13,adopt,Oita\Oita_Onizuka,Oita_Onizuka_13
44_5_14,adopt,Oita\Oita_Onizuka,Oita_Onizuka_14
44_5_2,exclude,Oita\Oita_Onizuka,Oita_Onizuka_2
44_5_3,exclude,Oita\Oita_Onizuka,Oita_Onizuka_3
44_5_5,adopt,Oita\Oita_Onizuka,Oita_Onizuka_5
44_5_6,adopt,Oita\Oita_Onizuka,Oita_Onizuka_6
44_5_7,adopt,Oita\Oita_Onizuka,Oita_Onizuka_7
44_5_8,adopt,Oita\Oita_Onizuka,Oita_Onizuka_8
44_5_9,adopt,Oita\Oita_Onizuka,Oita_Onizuka_9
44_7_5,adopt,Oita\Oita_Shiroyama,Oita_Shiroyama_5
44_7_6,adopt,Oita\Oita_Shiroyama,Oita_Shiroyama_6
44_8_1,exclude,Oita\Oita_Sunori,Oita_Sunori_1
44_8_10,exclude,Oita\Oita_Sunori,Oita_Sunori_10
44_8_2,exclude,Oita\Oita_Sunori,Oita_Sunori_2
44_8_3,exclude,Oita\Oita_Sunori,Oita_Sunori_3
44_8_5,adopt,Oita\Oita_Sunori,Oita_Sunori_5
44_8_6,exclude,Oita\Oita_Sunori,Oita_Sunori_6
44_8_7,exclude,Oita\Oita_Sunori,Oita_Sunori_7
44_8_8,exclude,Oita\Oita_Sunori,Oita_Sunori_8
44_8_9,exclude,Oita\Oita_Sunori,Oita_Sunori_9
44_9_2,exclude,Oita\Oita_Kannonyama,Oita_Kannonyama_2
44_9_3,exclude,Oita\Oita_Kannonyama,Oita_Kannonyama_3
44_9_5,exclude,Oita\Oita_Kannonyama,Oita_Kannonyama_5
44_9_6,exclude,Oita\Oita_Kannonyama,Oita_Kannonyama_6
44_9_7,exclude,Oita\Oita_Kannonyama,Oita_Kannonyama_7
45_12_1,exclude,Miyazaki\Miyazaki_Hasugaike,Miyazaki_Hasugaike_1
45_12_10,adopt,Miyazaki\Miyazaki_Hasugaike,Miyazaki_Hasugaike_10
45_12_11,exclude,Miyazaki\Miyazaki_Hasugaike,Miyazaki_Hasugaike_11
45_12_12,exclude,Miyazaki\Miyazaki_Hasugaike,Miyazaki_Hasugaike_12
45_12_13,exclude,Miyazaki\Miyazaki_Hasugaike,Miyazaki_Hasugaike_13
45_12_2,exclude,Miyazaki\Miyazaki_Hasugaike,Miyazaki_Hasugaike_2
45_12_3,exclude,Miyazaki\Miyazaki_Hasugaike,Miyazaki_Hasugaike_3
45_12_5,adopt,Miyazaki\Miyazaki_Hasugaike,Miyazaki_Hasugaike_5
45_12_6,adopt,Miyazaki\Miyazaki_Hasugaike,Miyazaki_Hasugaike_6
45_12_7,adopt,Miyazaki\Miyazaki_Hasugaike,Miyazaki_Hasugaike_7
45_12_8,exclude,Miyazaki\Miyazaki_Hasugaike,Miyazaki_Hasugaike_8
45_12_9,exclude,Miyazaki\Miyazaki_Hasugaike,Miyazaki_Hasugaike_9
45_16_1,exclude,Miyazaki\Miyazaki_Honjo,Miyazaki_Honjo_1
45_16_2,exclude,Miyazaki\Miyazaki_Honjo,Miyazaki_Honjo_2
45_16_3,exclude,Miyazaki\Miyazaki_Honjo,Miyazaki_Honjo_3
45_9_10,adopt,Miyazaki\Miyazaki_Dokida_Higashi,Miyazaki_Dokida_Higashi_10
45_9_11,adopt,Miyazaki\Miyazaki_Dokida_Higashi,Miyazaki_Dokida_Higashi_11
45_9_2,exclude,Miyazaki\Miyazaki_Dokida_Higashi,Miyazaki_Dokida_Higashi_2
45_9_5,adopt,Miyazaki\Miyazaki_Dokida_Higashi,Miyazaki_Dokida_Higashi_5
45_9_6,adopt,Miyazaki\Miyazaki_Dokida_Higashi,Miyazaki_Dokida_Higashi_6
45_9_7,adopt,Miyazaki\Miyazaki_Dokida_Higashi,Miyazaki_Dokida_Higashi_7
45_9_8,adopt,Miyazaki\Miyazaki_Dokida_Higashi,Miyazaki_Dokida_Higashi_8
45_9_9,adopt,Miyazaki\Miyazaki_Dokida_Higashi,Miyazaki_Dokida_Higashi_9
4_20_1,exclude,Miyagi\Miyagi_Kawakita,Miyagi_Kawakita_1
4_20_2,exclude,Miyagi\Miyagi_Kawakita,Miyagi_Kawakita_2
4_20_3,exclude,Miyagi\Miyagi_Kawakita,Miyagi_Kawakita_3
4_20_5,adopt,Miyagi\Miyagi_Kawakita,Miyagi_Kawakita_5
4_20_6,exclude,Miyagi\Miyagi_Kawakita,Miyagi_Kawakita_6
4_20_7,exclude,Miyagi\Miyagi_Kawakita,Miyagi_Kawakita_7
4_20_8,exclude,Miyagi\Miyagi_Kawakita,Miyagi_Kawakita_8
4_20_9,exclude,Miyagi\Miyagi_Kawakita,Miyagi_Kawakita_9
4_2_2,exclude,Miyagi\Miyagi_Dainenjiyama,Miyagi_Dainenjiyama_2
4_2_3,exclude,Miyagi\Miyagi_Dainenjiyama,Miyagi_Dainenjiyama_3
4_3_1,exclude,Miyagi\Miyagi_Yamahata,Miyagi_Yamahata_1
4_3_2,exclude,Miyagi\Miyagi_Yamahata,Miyagi_Yamahata_2
4_3_3,exclude,Miyagi\Miyagi_Yamahata,Miyagi_Yamahata_3
4_3_5,exclude,Miyagi\Miyagi_Yamahata,Miyagi_Yamahata_5
4_3_6,exclude,Miyagi\Miyagi_Yamahata,Miyagi_Yamahata_6
7_1_1,exclude,Fukushima\Fukushima_Hayama,Fukushima_Hayama_1
7_1_10,exclude,Fukushima\Fukushima_Hayama,Fukushima_Hayama_10
7_1_2,exclude,Fukushima\Fukushima_Hayama,Fukushima_Hayama_2
7_1_3,exclude,Fukushima\Fukushima_Hayama,Fukushima_Hayama_3
7_1_5,adopt,Fukushima\Fukushima_Hayama,Fukushima_Hayama_5
7_1_6,adopt,Fukushima\Fukushima_Hayama,Fukushima_Hayama_6
7_1_7,adopt,Fukushima\Fukushima_Hayama,Fukushima_Hayama_7
7_1_8,exclude,Fukushima\Fukushima_Hayama,Fukushima_Hayama_8
7_1_9,exclude,Fukushima\Fukushima_Hayama,Fukushima_Hayama_9
7_2_1,exclude,Fukushima\Fukushima_Kiyotosaku,Fukushima_Kiyotosaku_1
7_2_2,exclude,Fukushima\Fukushima_Kiyotosaku,Fukushima_Kiyotosaku_2
7_2_3,exclude,Fukushima\Fukushima_Kiyotosaku,Fukushima_Kiyotosaku_3
7_2_5,adopt,Fukushima\Fukushima_Kiyotosaku,Fukushima_Kiyotosaku_5
7_2_6,adopt,Fukushima\Fukushima_Kiyotosaku,Fukushima_Kiyotosaku_6
7_2_7,adopt,Fukushima\Fukushima_Kiyotosaku,Fukushima_Kiyotosaku_7
7_2_8,exclude,Fukushima\Fukushima_Kiyotosaku,Fukushima_Kiyotosaku_8
7_2_9,exclude,Fukushima\Fukushima_Kiyotosaku,Fukushima_Kiyotosaku_9
7_3_1,exclude,Fukushima\Fukushima_Nakata,Fukushima_Nakata_1
7_3_2,exclude,Fukushima\Fukushima_Nakata,Fukushima_Nakata_2
7_3_3,exclude,Fukushima\Fukushima_Nakata,Fukushima_Nakata_3
7_3_5,adopt,Fukushima\Fukushima_Nakata,Fukushima_Nakata_5
7_3_6,exclude,Fukushima\Fukushima_Nakata,Fukushima_Nakata_6
7_3_7,exclude,Fukushima\Fukushima_Nakata,Fukushima_Nakata_7
7_4_1,exclude,Fukushima\Fukushima_Izumizaki,Fukushima_Izumizaki_1
7_4_10,adopt,Fukushima\Fukushima_Izumizaki,Fukushima_Izumizaki_10
7_4_11,exclude,Fukushima\Fukushima_Izumizaki,Fukushima_Izumizaki_11
7_4_12,exclude,Fukushima\Fukushima_Izumizaki,Fukushima_Izumizaki_12
7_4_13,exclude,Fukushima\Fukushima_Izumizaki,Fukushima_Izumizaki_13
7_4_2,exclude,Fukushima\Fukushima_Izumizaki,Fukushima_Izumizaki_2
7_4_3,exclude,Fukushima\Fukushima_Izumizaki,Fukushima_Izumizaki_3
7_4_5,adopt,Fukushima\Fukushima_Izumizaki,Fukushima_Izumizaki_5
7_4_6,adopt,Fukushima\Fukushima_Izumizaki,Fukushima_Izumizaki_6
7_4_7,adopt,Fukushima\Fukushima_Izumizaki,Fukushima_Izumizaki_7
7_4_8,adopt,Fukushima\Fukushima_Izumizaki,Fukushima_Izumizaki_8
7_4_9,adopt,Fukushima\Fukushima_Izumizaki,Fukushima_Izumizaki_9
8_10_2,exclude,Ibaraki\Ibaraki_Juomae,Ibaraki_Juomae_2
8_10_5,exclude,Ibaraki\Ibaraki_Juomae,Ibaraki_Juomae_5
8_13_1,exclude,Ibaraki\Ibaraki_Hata_Bakke,Ibaraki_Hata_Bakke_1
8_13_10,adopt,Ibaraki\Ibaraki_Hata_Bakke,Ibaraki_Hata_Bakke_10
8_13_11,exclude,Ibaraki\Ibaraki_Hata_Bakke,Ibaraki_Hata_Bakke_11
8_13_12,adopt,Ibaraki\Ibaraki_Hata_Bakke,Ibaraki_Hata_Bakke_12
8_13_13,adopt,Ibaraki\Ibaraki_Hata_Bakke,Ibaraki_Hata_Bakke_13
8_13_14,adopt,Ibaraki\Ibaraki_Hata_Bakke,Ibaraki_Hata_Bakke_14
8_13_15,adopt,Ibaraki\Ibaraki_Hata_Bakke,Ibaraki_Hata_Bakke_15
8_13_16,adopt,Ibaraki\Ibaraki_Hata_Bakke,Ibaraki_Hata_Bakke_16
8_13_17,exclude,Ibaraki\Ibaraki_Hata_Bakke,Ibaraki_Hata_Bakke_17
8_13_2,exclude,Ibaraki\Ibaraki_Hata_Bakke,Ibaraki_Hata_Bakke_2
8_13_3,exclude,Ibaraki\Ibaraki_Hata_Bakke,Ibaraki_Hata_Bakke_3
8_13_5,adopt,Ibaraki\Ibaraki_Hata_Bakke,Ibaraki_Hata_Bakke_5
8_13_6,adopt,Ibaraki\Ibaraki_Hata_Bakke,Ibaraki_Hata_Bakke_6
8_13_7,adopt,Ibaraki\Ibaraki_Hata_Bakke,Ibaraki_Hata_Bakke_7
8_13_8,adopt,Ibaraki\Ibaraki_Hata_Bakke,Ibaraki_Hata_Bakke_8
8_13_9,adopt,Ibaraki\Ibaraki_Hata_Bakke,Ibaraki_Hata_Bakke_9
8_2_1,exclude,Ibaraki\Ibaraki_Funatama,Ibaraki_Funatama_1
8_2_2,exclude,Ibaraki\Ibaraki_Funatama,Ibaraki_Funatama_2
8_2_3,exclude,Ibaraki\Ibaraki_Funatama,Ibaraki_Funatama_3
8_2_5,adopt,Ibaraki\Ibaraki_Funatama,Ibaraki_Funatama_5
8_3_1,exclude,Ibaraki\Ibaraki_Hanazono,Ibaraki_Hanazono_1
8_3_2,exclude,Ibaraki\Ibaraki_Hanazono,Ibaraki_Hanazono_2
8_3_3,exclude,Ibaraki\Ibaraki_Hanazono,Ibaraki_Hanazono_3
8_3_5,exclude,Ibaraki\Ibaraki_Hanazono,Ibaraki_Hanazono_5
8_3_6,exclude,Ibaraki\Ibaraki_Hanazono,Ibaraki_Hanazono_6
8_3_7,exclude,Ibaraki\Ibaraki_Hanazono,Ibaraki_Hanazono_7
8_4_1,exclude,Ibaraki\Ibaraki_Daishino_Karato,Ibaraki_Daishino_Karato_1
8_4_10,exclude,Ibaraki\Ibaraki_Daishino_Karato,Ibaraki_Daishino_Karato_10
8_4_11,exclude,Ibaraki\Ibaraki_Daishino_Karato,Ibaraki_Daishino_Karato_11
8_4_2,exclude,Ibaraki\Ibaraki_Daishino_Karato,Ibaraki_Daishino_Karato_2
8_4_3,exclude,Ibaraki\Ibaraki_Daishino_Karato,Ibaraki_Daishino_Karato_3
8_4_5,adopt,Ibaraki\Ibaraki_Daishino_Karato,Ibaraki_Daishino_Karato_5
8_4_6,adopt,Ibaraki\Ibaraki_Daishino_Karato,Ibaraki_Daishino_Karato_6
8_4_7,adopt,Ibaraki\Ibaraki_Daishino_Karato,Ibaraki_Daishino_Karato_7
8_4_8,exclude,Ibaraki\Ibaraki_Daishino_Karato,Ibaraki_Daishino_Karato_8
8_4_9,adopt,Ibaraki\Ibaraki_Daishino_Karato,Ibaraki_Daishino_Karato_9
8_6_1,exclude,Ibaraki\Ibaraki_Yoshida,Ibaraki_Yoshida_1
8_6_2,exclude,Ibaraki\Ibaraki_Yoshida,Ibaraki_Yoshida_2
8_6_3,exclude,Ibaraki\Ibaraki_Yoshida,Ibaraki_Yoshida_3
8_6_5,exclude,Ibaraki\Ibaraki_Yoshida,Ibaraki_Yoshida_5
8_6_6,exclude,Ibaraki\Ibaraki_Yoshida,Ibaraki_Yoshida_6
8_6_7,exclude,Ibaraki\Ibaraki_Yoshida,Ibaraki_Yoshida_7
8_9_2,exclude,Ibaraki\Ibaraki_Shirakochi,Ibaraki_Shirakochi_2
8_9_3,exclude,Ibaraki\Ibaraki_Shirakochi,Ibaraki_Shirakochi_3
8_9_5,exclude,Ibaraki\Ibaraki_Shirakochi,Ibaraki_Shirakochi_5
8_9_6,exclude,Ibaraki\Ibaraki_Shirakochi,Ibaraki_Shirakochi_6
bulgalia2_1,exclude,Bulgaria\Bulgaria_Sveshtari,Bulgaria_Sveshtari_1
bulgalia2_10,exclude,Bulgaria\Bulgaria_Sveshtari,Bulgaria_Sveshtari_10
bulgalia2_11,exclude,Bulgaria\Bulgaria_Sveshtari,Bulgaria_Sveshtari_11
bulgalia2_2,exclude,Bulgaria\Bulgaria_Sveshtari,Bulgaria_Sveshtari_2
bulgalia2_3,exclude,Bulgaria\Bulgaria_Sveshtari,Bulgaria_Sveshtari_3
bulgalia2_5,adopt,Bulgaria\Bulgaria_Sveshtari,Bulgaria_Sveshtari_5
bulgalia2_6,adopt,Bulgaria\Bulgaria_Sveshtari,Bulgaria_Sveshtari_6
bulgalia2_7,adopt,Bulgaria\Bulgaria_Sveshtari,Bulgaria_Sveshtari_7
bulgalia2_8,adopt,Bulgaria\Bulgaria_Sveshtari,Bulgaria_Sveshtari_8
bulgalia2_9,exclude,Bulgaria\Bulgaria_Sveshtari,Bulgaria_Sveshtari_9
china1_1,exclude,China\China_Wukuifen_No4,China_Wukuifen_No4_1
china1_10,exclude,China\China_Wukuifen_No4,China_Wukuifen_No4_10
china1_11,exclude,China\China_Wukuifen_No4,China_Wukuifen_No4_11
china1_12,exclude,China\China_Wukuifen_No4,China_Wukuifen_No4_12
china1_13,exclude,China\China_Wukuifen_No4,China_Wukuifen_No4_13
china1_14,exclude,China\China_Wukuifen_No4,China_Wukuifen_No4_14
china1_2,exclude,China\China_Wukuifen_No4,China_Wukuifen_No4_2
china1_3,exclude,China\China_Wukuifen_No4,China_Wukuifen_No4_3
china1_5,exclude,China\China_Wukuifen_No4,China_Wukuifen_No4_5
china1_6,exclude,China\China_Wukuifen_No4,China_Wukuifen_No4_6
china1_7,exclude,China\China_Wukuifen_No4,China_Wukuifen_No4_7
china1_8,exclude,China\China_Wukuifen_No4,China_Wukuifen_No4_8
china1_9,exclude,China\China_Wukuifen_No4,China_Wukuifen_No4_9
china2_1,exclude,China\China_Wukuifen_No5,China_Wukuifen_No5_1
china2_2,exclude,China\China_Wukuifen_No5,China_Wukuifen_No5_2
china2_3,exclude,China\China_Wukuifen_No5,China_Wukuifen_No5_3
china2_5,exclude,China\China_Wukuifen_No5,China_Wukuifen_No5_5
china3_1,exclude,China\China_Jiaodizhong,China_Jiaodizhong_1
china3_2,exclude,China\China_Jiaodizhong,China_Jiaodizhong_2
china3_3,exclude,China\China_Jiaodizhong,China_Jiaodizhong_3
china3_5,adopt,China\China_Jiaodizhong,China_Jiaodizhong_5
china3_6,adopt,China\China_Jiaodizhong,China_Jiaodizhong_6
china3_7,adopt,China\China_Jiaodizhong,China_Jiaodizhong_7
china3_8,exclude,China\China_Jiaodizhong,China_Jiaodizhong_8
china4_1,exclude,China\China_Wuyongzhong,China_Wuyongzhong_1
china4_10,adopt,China\China_Wuyongzhong,China_Wuyongzhong_10
china4_2,exclude,China\China_Wuyongzhong,China_Wuyongzhong_2
china4_3,exclude,China\China_Wuyongzhong,China_Wuyongzhong_3
china4_5,adopt,China\China_Wuyongzhong,China_Wuyongzhong_5
china4_6,adopt,China\China_Wuyongzhong,China_Wuyongzhong_6
china4_7,adopt,China\China_Wuyongzhong,China_Wuyongzhong_7
china4_8,adopt,China\China_Wuyongzhong,China_Wuyongzhong_8
china4_9,adopt,China\China_Wuyongzhong,China_Wuyongzhong_9
china5_1,exclude,China\China_Changchuan_No1,China_Changchuan_No1_1
china5_10,adopt,China\China_Changchuan_No1,China_Changchuan_No1_10
china5_2,exclude,China\China_Changchuan_No1,China_Changchuan_No1_2
china5_3,exclude,China\China_Changchuan_No1,China_Changchuan_No1_3
china5_5,adopt,China\China_Changchuan_No1,China_Changchuan_No1_5
china5_6,adopt,China\China_Changchuan_No1,China_Changchuan_No1_6
china5_7,adopt,China\China_Changchuan_No1,China_Changchuan_No1_7
china5_8,adopt,China\China_Changchuan_No1,China_Changchuan_No1_8
china5_9,adopt,China\China_Changchuan_No1,China_Changchuan_No1_9
dprkorea1_1,exclude,DPRKorea\DPRKorea_Gangseo_Daemyo,DPRKorea_Gangseo_Daemyo_1
dprkorea1_10,adopt,DPRKorea\DPRKorea_Gangseo_Daemyo,DPRKorea_Gangseo_Daemyo_10
dprkorea1_11,exclude,DPRKorea\DPRKorea_Gangseo_Daemyo,DPRKorea_Gangseo_Daemyo_11
dprkorea1_2,exclude,DPRKorea\DPRKorea_Gangseo_Daemyo,DPRKorea_Gangseo_Daemyo_2
dprkorea1_5,adopt,DPRKorea\DPRKorea_Gangseo_Daemyo,DPRKorea_Gangseo_Daemyo_5
dprkorea1_6,adopt,DPRKorea\DPRKorea_Gangseo_Daemyo,DPRKorea_Gangseo_Daemyo_6
dprkorea1_7,adopt,DPRKorea\DPRKorea_Gangseo_Daemyo,DPRKorea_Gangseo_Daemyo_7
dprkorea1_8,adopt,DPRKorea\DPRKorea_Gangseo_Daemyo,DPRKorea_Gangseo_Daemyo_8
dprkorea1_9,adopt,DPRKorea\DPRKorea_Gangseo_Daemyo,DPRKorea_Gangseo_Daemyo_9
ireland1_1,exclude,Ireland\Ireland_Newgrange,Ireland_Newgrange_1
ireland1_10,adopt,Ireland\Ireland_Newgrange,Ireland_Newgrange_10
ireland1_11,adopt,Ireland\Ireland_Newgrange,Ireland_Newgrange_11
ireland1_12,adopt,Ireland\Ireland_Newgrange,Ireland_Newgrange_12
ireland1_13,adopt,Ireland\Ireland_Newgrange,Ireland_Newgrange_13
ireland1_14,exclude,Ireland\Ireland_Newgrange,Ireland_Newgrange_14
ireland1_15,exclude,Ireland\Ireland_Newgrange,Ireland_Newgrange_15
ireland1_16,exclude,Ireland\Ireland_Newgrange,Ireland_Newgrange_16
ireland1_17,exclude,Ireland\Ireland_Newgrange,Ireland_Newgrange_17
ireland1_18,exclude,Ireland\Ireland_Newgrange,Ireland_Newgrange_18
ireland1_19,exclude,Ireland\Ireland_Newgrange,Ireland_Newgrange_19
ireland1_2,exclude,Ireland\Ireland_Newgrange,Ireland_Newgrange_2
ireland1_20,exclude,Ireland\Ireland_Newgrange,Ireland_Newgrange_20
ireland1_21,exclude,Ireland\Ireland_Newgrange,Ireland_Newgrange_21
ireland1_22,exclude,Ireland\Ireland_Newgrange,Ireland_Newgrange_22
ireland1_23,exclude,Ireland\Ireland_Newgrange,Ireland_Newgrange_23
ireland1_24,exclude,Ireland\Ireland_Newgrange,Ireland_Newgrange_24
ireland1_3,exclude,Ireland\Ireland_Newgrange,Ireland_Newgrange_3
ireland1_5,exclude,Ireland\Ireland_Newgrange,Ireland_Newgrange_5
ireland1_6,exclude,Ireland\Ireland_Newgrange,Ireland_Newgrange_6
ireland1_7,exclude,Ireland\Ireland_Newgrange,Ireland_Newgrange_7
ireland1_8,adopt,Ireland\Ireland_Newgrange,Ireland_Newgrange_8
ireland1_9,adopt,Ireland\Ireland_Newgrange,Ireland_Newgrange_9
ireland2_1,exclude,Ireland\Ireland_LoughCrew_T,Ireland_LoughCrew_T_1
ireland2_10,adopt,Ireland\Ireland_LoughCrew_T,Ireland_LoughCrew_T_10
ireland2_11,exclude,Ireland\Ireland_LoughCrew_T,Ireland_LoughCrew_T_11
ireland2_12,exclude,Ireland\Ireland_LoughCrew_T,Ireland_LoughCrew_T_12
ireland2_2,exclude,Ireland\Ireland_LoughCrew_T,Ireland_LoughCrew_T_2
ireland2_3,exclude,Ireland\Ireland_LoughCrew_T,Ireland_LoughCrew_T_3
ireland2_5,adopt,Ireland\Ireland_LoughCrew_T,Ireland_LoughCrew_T_5
ireland2_6,adopt,Ireland\Ireland_LoughCrew_T,Ireland_LoughCrew_T_6
ireland2_7,adopt,Ireland\Ireland_LoughCrew_T,Ireland_LoughCrew_T_7
ireland2_8,adopt,Ireland\Ireland_LoughCrew_T,Ireland_LoughCrew_T_8
ireland2_9,adopt,Ireland\Ireland_LoughCrew_T,Ireland_LoughCrew_T_9
italay18_1,exclude,Italy\Italy_Leopardi,Italy_Leopardi_1
italay18_10,adopt,Italy\Italy_Leopardi,Italy_Leopardi_10
italay18_11,adopt,Italy\Italy_Leopardi,Italy_Leopardi_11
italay18_12,adopt,Italy\Italy_Leopardi,Italy_Leopardi_12
italay18_13,adopt,Italy\Italy_Leopardi,Italy_Leopardi_13
italay18_14,adopt,Italy\Italy_Leopardi,Italy_Leopardi_14
italay18_15,exclude,Italy\Italy_Leopardi,Italy_Leopardi_15
italay18_2,exclude,Italy\Italy_Leopardi,Italy_Leopardi_2
italay18_3,exclude,Italy\Italy_Leopardi,Italy_Leopardi_3
italay18_5,adopt,Italy\Italy_Leopardi,Italy_Leopardi_5
italay18_6,adopt,Italy\Italy_Leopardi,Italy_Leopardi_6
italay18_7,adopt,Italy\Italy_Leopardi,Italy_Leopardi_7
italay18_8,adopt,Italy\Italy_Leopardi,Italy_Leopardi_8
italay18_9,adopt,Italy\Italy_Leopardi,Italy_Leopardi_9
italay19_1,exclude,Italy\Italy_Rilievi,Italy_Rilievi_1
italay19_10,adopt,Italy\Italy_Rilievi,Italy_Rilievi_10
italay19_11,adopt,Italy\Italy_Rilievi,Italy_Rilievi_11
italay19_12,adopt,Italy\Italy_Rilievi,Italy_Rilievi_12
italay19_13,adopt,Italy\Italy_Rilievi,Italy_Rilievi_13
italay19_14,adopt,Italy\Italy_Rilievi,Italy_Rilievi_14
italay19_15,adopt,Italy\Italy_Rilievi,Italy_Rilievi_15
italay19_16,adopt,Italy\Italy_Rilievi,Italy_Rilievi_16
italay19_17,adopt,Italy\Italy_Rilievi,Italy_Rilievi_17
italay19_18,adopt,Italy\Italy_Rilievi,Italy_Rilievi_18
italay19_19,adopt,Italy\Italy_Rilievi,Italy_Rilievi_19
italay19_2,exclude,Italy\Italy_Rilievi,Italy_Rilievi_2
italay19_20,adopt,Italy\Italy_Rilievi,Italy_Rilievi_20
italay19_21,adopt,Italy\Italy_Rilievi,Italy_Rilievi_21
italay19_3,exclude,Italy\Italy_Rilievi,Italy_Rilievi_3
italay19_5,adopt,Italy\Italy_Rilievi,Italy_Rilievi_5
italay19_6,adopt,Italy\Italy_Rilievi,Italy_Rilievi_6
italay19_7,adopt,Italy\Italy_Rilievi,Italy_Rilievi_7
italay19_8,adopt,Italy\Italy_Rilievi,Italy_Rilievi_8
italay19_9,adopt,Italy\Italy_Rilievi,Italy_Rilievi_9
italay1_1,exclude,Italy\Italy_Fiorellini,Italy_Fiorellini_1
italay1_10,adopt,Italy\Italy_Bettini5513,Italy_Bettini5513_10
italay1_11,adopt,Italy\Italy_Bettini5513,Italy_Bettini5513_11
italay1_12,adopt,Italy\Italy_Bettini5513,Italy_Bettini5513_12
italay1_2,exclude,Italy\Italy_Fiorellini,Italy_Fiorellini_2
italay1_3,exclude,Italy\Italy_Fiorellini,Italy_Fiorellini_3
italay1_5,adopt,Italy\Italy_Bettini5513,Italy_Bettini5513_5
italay1_6,adopt,Italy\Italy_Bettini5513,Italy_Bettini5513_6
italay1_7,adopt,Italy\Italy_Bettini5513,Italy_Bettini5513_7
italay1_8,adopt,Italy\Italy_Bettini5513,Italy_Bettini5513_8
italay1_9,adopt,Italy\Italy_Bettini5513,Italy_Bettini5513_9
korea1_1,exclude,Korea\Korea_Goryeong_Goadong,Korea_Goryeong_Goadong_1
korea1_2,exclude,Korea\Korea_Goryeong_Goadong,Korea_Goryeong_Goadong_2
korea1_3,exclude,Korea\Korea_Goryeong_Goadong,Korea_Goryeong_Goadong_3
korea1_5,exclude,Korea\Korea_Goryeong_Goadong,Korea_Goryeong_Goadong_5
korea1_6,exclude,Korea\Korea_Goryeong_Goadong,Korea_Goryeong_Goadong_6
korea2_1,exclude,Korea\Korea_Neungsanri_Donghachong,Korea_Neungsanri_Donghachong_1
korea2_10,adopt,Korea\Korea_Neungsanri_Donghachong,Korea_Neungsanri_Donghachong_10
korea2_11,exclude,Korea\Korea_Neungsanri_Donghachong,Korea_Neungsanri_Donghachong_11
korea2_12,exclude,Korea\Korea_Neungsanri_Donghachong,Korea_Neungsanri_Donghachong_12
korea2_2,exclude,Korea\Korea_Neungsanri_Donghachong,Korea_Neungsanri_Donghachong_2
korea2_3,exclude,Korea\Korea_Neungsanri_Donghachong,Korea_Neungsanri_Donghachong_3
korea2_5,adopt,Korea\Korea_Neungsanri_Donghachong,Korea_Neungsanri_Donghachong_5
korea2_6,adopt,Korea\Korea_Neungsanri_Donghachong,Korea_Neungsanri_Donghachong_6
korea2_7,adopt,Korea\Korea_Neungsanri_Donghachong,Korea_Neungsanri_Donghachong_7
korea2_8,adopt,Korea\Korea_Neungsanri_Donghachong,Korea_Neungsanri_Donghachong_8
korea2_9,adopt,Korea\Korea_Neungsanri_Donghachong,Korea_Neungsanri_Donghachong_9
korea4_1,exclude,Korea\Korea_Songsanri_No6,Korea_Songsanri_No6_1
korea4_10,adopt,Korea\Korea_Songsanri_No6,Korea_Songsanri_No6_10
korea4_11,exclude,Korea\Korea_Songsanri_No6,Korea_Songsanri_No6_11
korea4_2,exclude,Korea\Korea_Songsanri_No6,Korea_Songsanri_No6_2
korea4_3,exclude,Korea\Korea_Songsanri_No6,Korea_Songsanri_No6_3
korea4_5,adopt,Korea\Korea_Songsanri_No6,Korea_Songsanri_No6_5
korea4_6,adopt,Korea\Korea_Songsanri_No6,Korea_Songsanri_No6_6
korea4_7,adopt,Korea\Korea_Songsanri_No6,Korea_Songsanri_No6_7
korea4_8,adopt,Korea\Korea_Songsanri_No6,Korea_Songsanri_No6_8
korea4_9,adopt,Korea\Korea_Songsanri_No6,Korea_Songsanri_No6_9
korea5_1,exclude,Korea\Korea_Dunmari,Korea_Dunmari_1
korea5_2,exclude,Korea\Korea_Dunmari,Korea_Dunmari_2
korea5_3,exclude,Korea\Korea_Dunmari,Korea_Dunmari_3
korea5_5,adopt,Korea\Korea_Dunmari,Korea_Dunmari_5
korea5_6,exclude,Korea\Korea_Dunmari,Korea_Dunmari_6
korea6_1,exclude,Korea\Korea_Muryeongwangneung,Korea_Muryeongwangneung_1
korea6_10,exclude,Korea\Korea_Muryeongwangneung,Korea_Muryeongwangneung_10
korea6_2,exclude,Korea\Korea_Muryeongwangneung,Korea_Muryeongwangneung_2
korea6_3,exclude,Korea\Korea_Muryeongwangneung,Korea_Muryeongwangneung_3
korea6_5,adopt,Korea\Korea_Muryeongwangneung,Korea_Muryeongwangneung_5
korea6_6,adopt,Korea\Korea_Muryeongwangneung,Korea_Muryeongwangneung_6
korea6_7,adopt,Korea\Korea_Muryeongwangneung,Korea_Muryeongwangneung_7
korea6_8,adopt,Korea\Korea_Muryeongwangneung,Korea_Muryeongwangneung_8
korea6_9,exclude,Korea\Korea_Muryeongwangneung,Korea_Muryeongwangneung_9
